settlement_id,payment_id,gross_amount,fee,tax,refund_amount,settlement_amount,currency,settlement_date,utr,status
setl_000000000,pay_000000000,4999.04,99.98,18.00,0.00,4881.06,INR,2026-08-17,HDFC9963334018,processed
setl_000000001,pay_000000001,12000.53,240.01,43.20,0.00,11717.32,INR,2026-08-20,HDFC3410529190,processed
setl_000000002,pay_000000002,2000.19,40.00,7.20,0.00,1952.99,INR,2026-08-20,HDFC7110082321,processed
setl_000000003,pay_000000003,2000.05,40.00,7.20,0.00,1952.85,INR,2026-08-28,AXIS8934927891,processed
setl_000000004,pay_000000004,2000.80,40.02,7.20,0.00,1953.58,INR,2026-08-26,SBIN9928378856,processed
setl_000000005,pay_000000005,899.29,17.99,3.24,0.00,878.06,INR,2026-08-30,ICICI8615270538,processed
setl_000000006,pay_000000006,3499.26,69.99,12.60,0.00,3416.67,INR,2026-08-27,AXIS5993561321,processed
setl_000000007,pay_000000007,7500.48,150.01,27.00,0.00,7323.47,INR,2026-08-21,ICICI2051454923,processed
setl_000000008,pay_000000008,2000.08,40.00,7.20,0.00,1952.88,INR,2026-08-20,HDFC6649827836,processed
setl_000000009,pay_000000009,2000.17,40.00,7.20,0.00,1952.97,INR,2026-08-20,SBIN2970753705,processed
setl_000000010,pay_000000010,1999.17,39.98,7.20,0.00,1951.99,INR,2026-08-25,SBIN7010379415,processed
setl_000000011,pay_000000011,4999.76,100.00,18.00,0.00,4881.76,INR,2026-08-18,ICICI3694860228,processed
setl_000000012,pay_000000012,899.87,18.00,3.24,0.00,878.63,INR,2026-08-25,KKBK9639245200,processed
setl_000000013,pay_000000013,499.92,10.00,1.80,0.00,488.12,INR,2026-08-28,SBIN5974249674,processed
setl_000000014,pay_000000014,1250.47,25.01,4.50,0.00,1220.96,INR,2026-08-29,HDFC3615507143,processed
setl_000000015,pay_000000015,3499.39,69.99,12.60,0.00,3416.80,INR,2026-08-20,SBIN1083651970,processed
setl_000000016,pay_000000016,12000.98,240.02,43.20,0.00,11717.76,INR,2026-08-19,SBIN4504793184,processed
setl_000000017,pay_000000017,3499.56,69.99,12.60,100.00,3316.97,INR,2026-08-25,ICICI6633778586,processed
setl_000000018,pay_000000018,899.90,18.00,3.24,0.00,878.66,INR,2026-08-27,HDFC1945826486,processed
setl_000000019,pay_000000019,1999.35,39.99,7.20,0.00,1952.16,INR,2026-08-27,AXIS9894264595,processed
setl_000000020,pay_000000020,1999.12,39.98,7.20,0.00,1951.94,INR,2026-08-18,SBIN8763140509,processed
setl_000000021,pay_000000021,899.07,17.98,3.24,0.00,877.85,INR,2026-08-23,SBIN9822598054,processed
setl_000000022,pay_000000022,1250.54,25.01,4.50,0.00,1221.03,INR,2026-08-19,ICICI7598297060,processed
setl_000000023,pay_000000023,499.83,10.00,1.80,0.00,488.03,INR,2026-08-25,HDFC3363629219,processed
setl_000000024,pay_000000024,4999.07,99.98,18.00,0.00,4881.09,INR,2026-08-19,SBIN3067418686,processed
setl_000000025,pay_000000025,12000.84,240.02,43.20,0.00,11717.62,INR,2026-08-28,SBIN6520103410,processed
setl_000000026,pay_000000026,3499.07,69.98,12.60,0.00,3416.49,INR,2026-08-17,HDFC3328710672,processed
setl_000000027,pay_000000027,899.86,18.00,3.24,0.00,878.62,INR,2026-08-30,KKBK1798112150,processed
setl_000000028,pay_000000028,899.53,17.99,3.24,500.00,378.30,INR,2026-08-27,KKBK3553440342,processed
setl_000000029,pay_000000029,2000.50,40.01,7.20,250.00,1703.29,INR,2026-08-19,ICICI2349409434,processed
setl_000000030,pay_000000030,899.09,17.98,3.24,0.00,877.87,INR,2026-08-25,HDFC5334976883,processed
setl_000000031,pay_000000031,1999.47,39.99,7.20,0.00,1952.28,INR,2026-08-21,AXIS4783282817,processed
setl_000000032,pay_000000032,12000.38,240.01,43.20,0.00,11717.17,INR,2026-08-27,KKBK9623534576,processed
setl_000000033,pay_000000033,2000.77,40.02,7.20,0.00,1953.55,INR,2026-08-20,HDFC5962610986,processed
setl_000000034,pay_000000034,899.81,18.00,3.24,0.00,878.57,INR,2026-08-23,AXIS4633987776,processed
setl_000000035,pay_000000035,7500.70,150.01,27.00,0.00,7323.69,INR,2026-08-28,ICICI2125089309,processed
setl_000000036,pay_000000036,3499.74,69.99,12.60,0.00,3417.15,INR,2026-08-25,ICICI3343292475,processed
setl_000000037,pay_000000037,3499.26,69.99,12.60,0.00,3416.67,INR,2026-08-27,AXIS4696689457,processed
setl_000000038,pay_000000038,1250.22,25.00,4.50,0.00,1220.72,INR,2026-08-23,KKBK4993808565,processed
setl_000000039,pay_000000039,2000.20,40.00,7.20,0.00,1953.00,INR,2026-08-29,SBIN4482141802,processed
setl_000000040,pay_000000040,3499.39,69.99,12.60,0.00,3416.80,INR,2026-08-30,ICICI9239688178,processed
setl_000000041,pay_000000041,899.98,18.00,3.24,0.00,878.74,INR,2026-08-21,SBIN6704841644,processed
setl_000000042,pay_000000042,2000.22,40.00,7.20,0.00,1953.02,INR,2026-08-26,KKBK1118543408,processed
setl_000000043,pay_000000043,12000.14,240.00,43.20,0.00,11716.94,INR,2026-08-23,AXIS6642201119,processed
setl_000000044,pay_000000044,12000.87,240.02,43.20,0.00,11717.65,INR,2026-08-28,SBIN9597198563,processed
setl_000000045,pay_000000045,899.92,18.00,3.24,0.00,878.68,INR,2026-08-21,AXIS7971399399,processed
setl_000000046,pay_000000046,1999.53,39.99,7.20,0.00,1952.34,INR,2026-08-27,AXIS3381183483,processed
setl_000000047,pay_000000047,2000.36,40.01,7.20,0.00,1953.15,INR,2026-08-20,AXIS4580822352,processed
setl_000000048,pay_000000048,12000.60,240.01,43.20,0.00,11717.39,INR,2026-08-29,SBIN3901796894,processed
setl_000000049,pay_000000049,1999.86,40.00,7.20,0.00,1952.66,INR,2026-08-21,KKBK2439622619,processed
setl_000000050,pay_000000050,4999.80,100.00,18.00,0.00,4881.80,INR,2026-08-26,HDFC5607762160,processed
setl_000000051,pay_000000051,899.99,18.00,3.24,0.00,878.75,INR,2026-08-23,ICICI3953315788,processed
setl_000000052,pay_000000052,1250.59,25.01,4.50,0.00,1221.08,INR,2026-08-27,ICICI5816198518,processed
setl_000000053,pay_000000053,12000.57,240.01,43.20,250.00,11467.36,INR,2026-08-19,SBIN7462972995,processed
setl_000000054,pay_000000054,1999.35,39.99,7.20,0.00,1952.16,INR,2026-08-24,AXIS7533932947,processed
setl_000000055,pay_000000055,1250.19,25.00,4.50,0.00,1220.69,INR,2026-08-20,AXIS3319936135,processed
setl_000000056,pay_000000056,3499.69,69.99,12.60,0.00,3417.10,INR,2026-08-24,HDFC7076811348,processed
setl_000000057,pay_000000057,4999.61,99.99,18.00,0.00,4881.62,INR,2026-08-17,SBIN3987248494,processed
setl_000000058,pay_000000058,7500.28,150.01,27.00,0.00,7323.27,INR,2026-08-21,SBIN4856070374,processed
setl_000000059,pay_000000059,7500.16,150.00,27.00,0.00,7323.16,INR,2026-08-26,SBIN4110335359,processed
setl_000000060,pay_000000060,4999.17,99.98,18.00,0.00,4881.19,INR,2026-08-30,HDFC9950486177,processed
setl_000000061,pay_000000061,3499.43,69.99,12.60,0.00,3416.84,INR,2026-08-29,AXIS6204041308,processed
setl_000000062,pay_000000062,12000.06,240.00,43.20,0.00,11716.86,INR,2026-08-22,HDFC3019952485,processed
setl_000000063,pay_000000063,1999.25,39.98,7.20,0.00,1952.07,INR,2026-08-30,HDFC4239406957,processed
setl_000000064,pay_000000064,1999.59,39.99,7.20,0.00,1952.40,INR,2026-08-28,SBIN3875303857,processed
setl_000000065,pay_000000065,1250.39,25.01,4.50,0.00,1220.88,INR,2026-08-18,KKBK4085320828,processed
setl_000000066,pay_000000066,899.75,18.00,3.24,0.00,878.51,INR,2026-08-28,SBIN4070964768,processed
setl_000000067,pay_000000067,3499.68,69.99,12.60,0.00,3417.09,INR,2026-08-23,AXIS4361393222,processed
setl_000000068,pay_000000068,4999.46,99.99,18.00,0.00,4881.47,INR,2026-08-27,AXIS3105400301,processed
setl_000000069,pay_000000069,4999.93,100.00,18.00,0.00,4881.93,INR,2026-08-26,KKBK7371573279,processed
setl_000000070,pay_000000070,7500.72,150.01,27.00,0.00,7323.71,INR,2026-08-26,HDFC2936179853,processed
setl_000000071,pay_000000071,1999.45,39.99,7.20,0.00,1952.26,INR,2026-08-29,AXIS6075963527,processed
setl_000000072,pay_000000072,12000.24,240.00,43.20,0.00,11717.04,INR,2026-08-18,AXIS3387104291,processed
setl_000000073,pay_000000073,7500.57,150.01,27.00,0.00,7323.56,INR,2026-08-29,ICICI8261111839,processed
setl_000000074,pay_000000074,7500.70,150.01,27.00,0.00,7323.69,INR,2026-08-25,ICICI7792729530,processed
setl_000000075,pay_000000075,2000.29,40.01,7.20,0.00,1953.08,INR,2026-08-18,SBIN6458544482,processed
setl_000000076,pay_000000076,7500.35,150.01,27.00,0.00,7323.34,INR,2026-08-28,ICICI1822662216,processed
setl_000000077,pay_000000077,3499.22,69.98,12.60,0.00,3416.64,INR,2026-08-21,ICICI2272368870,processed
setl_000000078,pay_000000078,1250.81,25.02,4.50,0.00,1221.29,INR,2026-08-30,HDFC7671625956,processed
setl_000000079,pay_000000079,3499.23,69.98,12.60,0.00,3416.65,INR,2026-08-17,SBIN7351029162,processed
setl_000000080,pay_000000080,899.73,17.99,3.24,0.00,878.50,INR,2026-08-27,HDFC7015992643,processed
setl_000000081,pay_000000081,899.31,17.99,3.24,0.00,878.08,INR,2026-08-18,KKBK9371430906,processed
setl_000000082,pay_000000082,7500.56,150.01,27.00,0.00,7323.55,INR,2026-08-21,KKBK7539399243,processed
setl_000000083,pay_000000083,1999.80,40.00,7.20,0.00,1952.60,INR,2026-08-20,HDFC4178659381,processed
setl_000000084,pay_000000084,1250.00,25.00,4.50,0.00,1220.50,INR,2026-08-23,ICICI3370788647,processed
setl_000000085,pay_000000085,899.87,18.00,3.24,0.00,878.63,INR,2026-08-20,ICICI8986950095,processed
setl_000000086,pay_000000086,499.21,9.98,1.80,0.00,487.43,INR,2026-08-29,KKBK1610900200,processed
setl_000000087,pay_000000087,4999.34,99.99,18.00,0.00,4881.35,INR,2026-08-25,SBIN8252816758,processed
setl_000000088,pay_000000088,3499.77,70.00,12.60,0.00,3417.17,INR,2026-08-21,HDFC9115009532,processed
setl_000000089,pay_000000089,499.97,10.00,1.80,0.00,488.17,INR,2026-08-29,KKBK8822944679,processed
setl_000000090,pay_000000090,899.60,17.99,3.24,0.00,878.37,INR,2026-08-22,ICICI8792122716,processed
setl_000000091,pay_000000091,4999.97,100.00,18.00,0.00,4881.97,INR,2026-08-25,AXIS7422990551,processed
setl_000000092,pay_000000092,12000.00,240.00,43.20,0.00,11716.80,INR,2026-08-27,AXIS8613035386,processed
setl_000000093,pay_000000093,7500.97,150.02,27.00,0.00,7323.95,INR,2026-08-17,KKBK8543865915,processed
setl_000000094,pay_000000094,499.80,10.00,1.80,0.00,488.00,INR,2026-08-26,SBIN3081821325,processed
setl_000000095,pay_000000095,1999.14,39.98,7.20,0.00,1951.96,INR,2026-08-24,KKBK2752306681,processed
setl_000000096,pay_000000096,7500.60,150.01,27.00,0.00,7323.59,INR,2026-08-20,AXIS6469318275,processed
setl_000000097,pay_000000097,899.35,17.99,3.24,0.00,878.12,INR,2026-08-29,KKBK4776677517,processed
setl_000000098,pay_000000098,7500.19,150.00,27.00,0.00,7323.19,INR,2026-08-24,AXIS8413332538,processed
setl_000000099,pay_000000099,3499.24,69.98,12.60,0.00,3416.66,INR,2026-08-28,KKBK6915072151,processed
setl_000000100,pay_000000100,7500.90,150.02,27.00,0.00,7323.88,INR,2026-08-29,SBIN5482431018,processed
setl_000000101,pay_000000101,899.67,17.99,3.24,0.00,878.44,INR,2026-08-24,HDFC8924383984,processed
setl_000000102,pay_000000102,2000.43,40.01,7.20,0.00,1953.22,INR,2026-08-26,ICICI5616352188,processed
setl_000000103,pay_000000103,12000.04,240.00,43.20,0.00,11716.84,INR,2026-08-26,KKBK8556573246,processed
setl_000000104,pay_000000104,7500.21,150.00,27.00,0.00,7323.21,INR,2026-08-28,HDFC4747699292,processed
setl_000000104_b,pay_000000104,7500.21,150.00,27.00,0.00,7323.21,INR,2026-08-28,HDFC4747699292B,processed
setl_000000105,pay_000000105,3499.55,69.99,12.60,0.00,3416.96,INR,2026-08-19,HDFC6554972315,processed
setl_000000106,pay_000000106,899.78,18.00,3.24,0.00,878.54,INR,2026-08-30,ICICI1730074215,processed
setl_000000107,pay_000000107,7500.81,150.02,27.00,0.00,7323.79,INR,2026-08-21,KKBK1614685938,processed
setl_000000108,pay_000000108,12000.20,240.00,43.20,0.00,11717.00,INR,2026-08-18,SBIN9165632300,processed
setl_000000109,pay_000000109,7500.38,150.01,27.00,0.00,7323.37,INR,2026-08-20,SBIN8259841263,processed
setl_000000110,pay_000000110,2000.89,40.02,7.20,0.00,1953.67,INR,2026-08-21,SBIN7751356568,processed
setl_000000111,pay_000000111,7500.36,150.01,27.00,0.00,7323.35,INR,2026-08-29,KKBK5181592277,processed
setl_000000112,pay_000000112,1250.80,25.02,4.50,0.00,1221.28,INR,2026-08-18,ICICI7961674558,processed
setl_000000113,pay_000000113,3499.93,70.00,12.60,0.00,3417.33,INR,2026-08-19,SBIN9733234156,processed
setl_000000114,pay_000000114,1250.69,25.01,4.50,0.00,1221.18,INR,2026-08-22,SBIN1754368373,processed
setl_000000115,pay_000000115,2000.95,40.02,7.20,0.00,1953.73,INR,2026-08-30,AXIS9350223102,processed
setl_000000116,pay_000000116,4999.71,99.99,18.00,0.00,4881.72,INR,2026-08-22,HDFC5151086814,processed
setl_000000117,pay_000000117,3499.86,70.00,12.60,0.00,3417.26,INR,2026-08-28,KKBK5825776872,processed
setl_000000118,pay_000000118,499.79,10.00,1.80,0.00,487.99,INR,2026-08-25,AXIS6299224734,processed
setl_000000119,pay_000000119,1250.05,25.00,4.50,0.00,1220.55,INR,2026-08-17,SBIN2753617371,processed
setl_000000120,pay_000000120,7500.47,150.01,27.00,0.00,7323.46,INR,2026-08-27,KKBK5877639950,processed
setl_000000121,pay_000000121,4999.35,99.99,18.00,0.00,4881.36,INR,2026-08-17,HDFC8875651818,processed
setl_000000122,pay_000000122,899.87,18.00,3.24,0.00,878.63,INR,2026-08-22,ICICI8969097897,processed
setl_000000123,pay_000000123,1999.82,40.00,7.20,0.00,1952.62,INR,2026-08-27,AXIS2952996248,processed
setl_000000124,pay_000000124,1999.08,39.98,7.20,0.00,1951.90,INR,2026-08-30,ICICI5246953455,processed
setl_000000125,pay_000000125,1250.16,25.00,4.50,0.00,1220.66,INR,2026-08-25,ICICI5307145891,processed
setl_000000126,pay_000000126,3499.30,69.99,12.60,0.00,3416.71,INR,2026-08-26,HDFC1566090561,processed
setl_000000127,pay_000000127,12000.14,240.00,43.20,0.00,11716.94,INR,2026-08-28,ICICI8480622107,processed
setl_000000128,pay_000000128,7500.64,150.01,27.00,0.00,7323.63,INR,2026-08-20,KKBK3549776132,processed
setl_000000129,pay_000000129,899.62,17.99,3.24,0.00,878.39,INR,2026-08-28,HDFC7019900273,processed
setl_000000130,pay_000000130,2000.79,40.02,7.20,0.00,1953.57,INR,2026-08-27,ICICI1282103057,processed
setl_000000131,pay_000000131,7500.64,150.01,27.00,0.00,7323.63,INR,2026-08-26,KKBK7573691558,processed
setl_000000132,pay_000000132,7500.29,150.01,27.00,0.00,7323.28,INR,2026-08-23,KKBK6218484323,processed
setl_000000133,pay_000000133,3499.85,70.00,12.60,0.00,3417.25,INR,2026-08-21,HDFC6637352245,processed
setl_000000134,pay_000000134,899.95,18.00,3.24,0.00,878.71,INR,2026-08-28,HDFC5695387521,processed
setl_000000135,pay_000000135,899.52,17.99,3.24,0.00,878.29,INR,2026-08-22,KKBK7707379050,processed
setl_000000136,pay_000000136,2000.45,40.01,7.20,0.00,1953.24,INR,2026-08-18,HDFC9454207717,processed
setl_000000137,pay_000000137,12000.47,240.01,43.20,0.00,11717.26,INR,2026-08-18,SBIN5759761714,processed
setl_000000138,pay_000000138,2000.03,40.00,7.20,0.00,1952.83,INR,2026-08-19,KKBK9702693937,processed
setl_000000139,pay_000000139,1250.72,25.01,4.50,0.00,1221.21,INR,2026-08-27,AXIS1026224160,processed
setl_000000140,pay_000000140,4999.58,99.99,18.00,0.00,4881.59,INR,2026-08-22,KKBK6218955985,processed
setl_000000141,pay_000000141,499.19,9.98,1.80,0.00,487.41,INR,2026-08-19,KKBK3560761628,processed
setl_000000142,pay_000000142,2000.27,40.01,7.20,0.00,1953.06,INR,2026-08-29,SBIN7193532615,processed
setl_000000143,pay_000000143,12000.85,240.02,43.20,0.00,11717.63,INR,2026-08-21,AXIS7842459488,processed
setl_000000144,pay_000000144,2000.27,40.01,7.20,0.00,1953.06,INR,2026-08-29,HDFC1033015788,processed
setl_000000145,pay_000000145,1250.48,25.01,4.50,0.00,1220.97,INR,2026-08-25,HDFC2849649210,processed
setl_000000146,pay_000000146,7500.09,150.00,27.00,0.00,7323.09,INR,2026-08-30,HDFC2873548915,processed
setl_000000147,pay_000000147,4999.02,99.98,18.00,0.00,4881.04,INR,2026-08-22,SBIN2243458354,processed
setl_000000148,pay_000000148,899.31,17.99,3.24,0.00,878.08,INR,2026-08-23,AXIS5673482258,processed
setl_000000149,pay_000000149,1999.42,39.99,7.20,0.00,1952.23,INR,2026-08-29,AXIS8498174646,processed
setl_000000150,pay_000000150,1250.30,25.01,4.50,0.00,1220.79,INR,2026-08-18,ICICI6795522649,processed
setl_000000151,pay_000000151,1250.98,25.02,4.50,0.00,1221.46,INR,2026-08-27,ICICI3815389788,processed
setl_000000152,pay_000000152,7500.08,150.00,27.00,0.00,7323.08,INR,2026-08-24,KKBK2357806226,processed
setl_000000153,pay_000000153,12000.09,240.00,43.20,0.00,11716.89,INR,2026-08-21,KKBK5536224717,processed
setl_000000154,pay_000000154,899.78,18.00,3.24,0.00,878.54,INR,2026-08-26,AXIS9919491730,processed
setl_000000155,pay_000000155,3499.77,70.00,12.60,0.00,3417.17,INR,2026-08-24,HDFC3799620568,processed
setl_000000156,pay_000000156,1250.05,25.00,4.50,0.00,1220.55,INR,2026-08-20,AXIS9952125442,processed
setl_000000157,pay_000000157,3499.86,70.00,12.60,0.00,3417.26,INR,2026-08-26,AXIS6958908766,processed
setl_000000158,pay_000000158,2000.92,40.02,7.20,0.00,1953.70,INR,2026-08-30,HDFC6955247915,processed
setl_000000159,pay_000000159,3499.39,69.99,12.60,0.00,3416.80,INR,2026-08-27,KKBK3850192297,processed
setl_000000160,pay_000000160,1250.85,25.02,4.50,0.00,1221.33,INR,2026-08-28,HDFC8695129534,processed
setl_000000161,pay_000000161,499.46,9.99,1.80,0.00,487.67,INR,2026-08-21,SBIN7478908722,processed
setl_000000162,pay_000000162,1250.19,25.00,4.50,100.00,1120.69,INR,2026-08-18,SBIN1824656200,processed
setl_000000163,pay_000000163,1250.23,25.00,4.50,0.00,1220.73,INR,2026-08-30,KKBK2617999521,processed
setl_000000164,pay_000000164,1999.56,39.99,7.20,0.00,1952.37,INR,2026-08-26,HDFC7059591606,processed
setl_000000165,pay_000000165,3499.86,70.00,12.60,0.00,3417.26,INR,2026-08-26,ICICI4586784711,processed
setl_000000166,pay_000000166,1250.25,25.00,4.50,0.00,1220.75,INR,2026-08-29,KKBK7560389844,processed
setl_000000167,pay_000000167,12000.13,240.00,43.20,0.00,11716.93,INR,2026-08-28,SBIN9049270990,processed
setl_000000168,pay_000000168,12000.18,240.00,43.20,0.00,11716.98,INR,2026-08-30,ICICI6466597005,processed
setl_000000169,pay_000000169,4999.06,99.98,18.00,0.00,4881.08,INR,2026-08-23,AXIS4996346509,processed
setl_000000170,pay_000000170,499.40,9.99,1.80,0.00,487.61,INR,2026-08-18,HDFC2610237679,processed
setl_000000171,pay_000000171,7500.57,150.01,27.00,0.00,7323.56,INR,2026-08-26,AXIS4569592370,processed
setl_000000172,pay_000000172,12000.93,240.02,43.20,0.00,11717.71,INR,2026-08-26,ICICI4586139213,processed
setl_000000173,pay_000000173,499.30,9.99,1.80,0.00,487.51,INR,2026-08-23,ICICI2293434554,processed
setl_000000174,pay_000000174,12000.73,240.01,43.20,0.00,11717.52,INR,2026-08-20,SBIN9660523876,processed
setl_000000175,pay_000000175,899.67,17.99,3.24,0.00,878.44,INR,2026-08-22,AXIS2789144223,processed
setl_000000176,pay_000000176,4999.47,99.99,18.00,0.00,4881.48,INR,2026-08-21,SBIN9776913529,processed
setl_000000177,pay_000000177,499.45,9.99,1.80,0.00,487.66,INR,2026-08-25,HDFC2428156550,processed
setl_000000178,pay_000000178,7500.04,150.00,27.00,0.00,7323.04,INR,2026-08-21,SBIN1579187439,processed
setl_000000179,pay_000000179,12000.50,240.01,43.20,0.00,11717.29,INR,2026-08-30,AXIS9303765140,processed
setl_000000180,pay_000000180,499.83,10.00,1.80,0.00,488.03,INR,2026-08-22,ICICI6523804237,processed
setl_000000181,pay_000000181,4999.43,99.99,18.00,0.00,4881.44,INR,2026-08-19,SBIN8487449580,processed
setl_000000182,pay_000000182,4999.10,99.98,18.00,0.00,4881.12,INR,2026-08-23,KKBK9944748312,processed
setl_000000183,pay_000000183,3499.84,70.00,12.60,0.00,3417.24,INR,2026-08-21,AXIS1440654676,processed
setl_000000184,pay_000000184,499.93,10.00,1.80,0.00,488.13,INR,2026-08-30,SBIN6804850108,processed
setl_000000185,pay_000000185,4999.46,99.99,18.00,0.00,4881.47,INR,2026-08-25,HDFC9912233947,processed
setl_000000186,pay_000000186,1250.08,25.00,4.50,0.00,1220.58,INR,2026-08-20,KKBK2881937953,processed
setl_000000187,pay_000000187,1250.86,25.02,4.50,0.00,1221.34,INR,2026-08-24,KKBK9729028480,processed
setl_000000188,pay_000000188,3499.83,70.00,12.60,0.00,3417.23,INR,2026-08-21,KKBK6871005324,processed
setl_000000189,pay_000000189,12000.15,240.00,43.20,0.00,11716.95,INR,2026-08-21,SBIN7518666304,processed
setl_000000190,pay_000000190,899.17,17.98,3.24,0.00,877.95,INR,2026-08-30,KKBK3109688769,processed
setl_000000191,pay_000000191,3499.85,70.00,12.60,0.00,3417.25,INR,2026-08-22,SBIN5283209430,processed
setl_000000192,pay_000000192,3499.65,69.99,12.60,0.00,3417.06,INR,2026-08-20,ICICI3738900744,processed
setl_000000193,pay_000000193,12000.73,240.01,43.20,0.00,11717.52,INR,2026-08-22,SBIN5407856339,processed
setl_000000194,pay_000000194,4999.91,100.00,18.00,0.00,4881.91,INR,2026-08-28,HDFC5577353273,processed
setl_000000195,pay_000000195,3499.82,70.00,12.60,0.00,3417.22,INR,2026-08-18,KKBK1316756902,processed
setl_000000196,pay_000000196,4999.64,99.99,18.00,0.00,4881.65,INR,2026-08-30,KKBK5150074940,processed
setl_000000197,pay_000000197,3499.90,70.00,12.60,0.00,3417.30,INR,2026-08-20,AXIS1707196784,processed
setl_000000198,pay_000000198,2000.78,40.02,7.20,0.00,1953.56,INR,2026-08-25,AXIS2178758213,processed
setl_000000199,pay_000000199,3499.72,69.99,12.60,0.00,3417.13,INR,2026-08-17,KKBK1662259333,processed
setl_000000200,pay_000000200,499.63,9.99,1.80,500.00,-12.16,INR,2026-08-27,KKBK7752277876,processed
setl_000000201,pay_000000201,899.88,18.00,3.24,0.00,878.64,INR,2026-08-17,SBIN6572436051,processed
setl_000000202,pay_000000202,3499.93,70.00,12.60,0.00,3417.33,INR,2026-08-30,ICICI5912019621,processed
setl_000000203,pay_000000203,3499.30,69.99,12.60,0.00,3416.71,INR,2026-08-24,KKBK3412273600,processed
setl_000000204,pay_000000204,4999.78,100.00,18.00,0.00,4881.78,INR,2026-08-23,HDFC5512315375,processed
setl_000000205,pay_000000205,1999.97,40.00,7.20,0.00,1952.77,INR,2026-08-19,KKBK8392190335,processed
setl_000000206,pay_000000206,899.50,17.99,3.24,0.00,878.27,INR,2026-08-25,AXIS3136189070,processed
setl_000000207,pay_000000207,7500.76,150.02,27.00,0.00,7323.74,INR,2026-08-30,HDFC5512036684,processed
setl_000000208,pay_000000208,4999.17,99.98,18.00,0.00,4881.19,INR,2026-08-21,HDFC4638577630,processed
setl_000000209,pay_000000209,12000.24,240.00,43.20,0.00,11717.04,INR,2026-08-22,SBIN9809655189,processed
setl_000000210,pay_000000210,899.50,17.99,3.24,0.00,878.27,INR,2026-08-22,SBIN1510289448,processed
setl_000000211,pay_000000211,499.17,9.98,1.80,0.00,487.39,INR,2026-08-28,ICICI1172893522,processed
setl_000000212,pay_000000212,3499.78,70.00,12.60,0.00,3417.18,INR,2026-08-22,ICICI3214080278,processed
setl_000000213,pay_000000213,2000.60,40.01,7.20,0.00,1953.39,INR,2026-08-30,KKBK7581349462,processed
setl_000000214,pay_000000214,499.76,10.00,1.80,0.00,487.96,INR,2026-08-24,SBIN7801948900,processed
setl_000000215,pay_000000215,12000.80,240.02,43.20,0.00,11717.58,INR,2026-08-28,KKBK3063511828,processed
setl_000000216,pay_000000216,899.24,17.98,3.24,0.00,878.02,INR,2026-08-17,ICICI9725528903,processed
setl_000000217,pay_000000217,499.90,10.00,1.80,0.00,488.10,INR,2026-08-19,ICICI9248574674,processed
setl_000000218,pay_000000218,3499.22,69.98,12.60,0.00,3416.64,INR,2026-08-24,SBIN7551874474,processed
setl_000000218_b,pay_000000218,3499.22,69.98,12.60,0.00,3416.64,INR,2026-08-24,SBIN7551874474B,processed
setl_000000219,pay_000000219,1999.31,39.99,7.20,0.00,1952.12,INR,2026-08-21,AXIS7915226263,processed
setl_000000220,pay_000000220,1999.88,40.00,7.20,250.00,1702.68,INR,2026-08-28,AXIS8607135564,processed
setl_000000221,pay_000000221,12000.48,240.01,43.20,0.00,11717.27,INR,2026-08-23,AXIS2236045959,processed
setl_000000222,pay_000000222,7500.83,150.02,27.00,0.00,7323.81,INR,2026-08-21,AXIS5634396131,processed
setl_000000223,pay_000000223,1250.13,25.00,4.50,0.00,1220.63,INR,2026-08-26,AXIS8285000265,processed
setl_000000224,pay_000000224,899.52,17.99,3.24,0.00,878.29,INR,2026-08-22,KKBK2000025413,processed
setl_000000225,pay_000000225,7500.61,150.01,27.00,0.00,7323.60,INR,2026-08-27,KKBK5973319056,processed
setl_000000226,pay_000000226,1999.68,39.99,7.20,0.00,1952.49,INR,2026-08-28,HDFC9974165440,processed
setl_000000227,pay_000000227,7500.23,150.00,27.00,0.00,7323.23,INR,2026-08-28,ICICI8886432673,processed
setl_000000228,pay_000000228,3499.36,69.99,12.60,0.00,3416.77,INR,2026-08-24,KKBK3588933132,processed
setl_000000229,pay_000000229,1999.14,39.98,7.20,0.00,1951.96,INR,2026-08-22,ICICI7305101214,processed
setl_000000230,pay_000000230,3499.37,69.99,12.60,0.00,3416.78,INR,2026-08-26,ICICI9650425740,processed
setl_000000231,pay_000000231,12000.41,240.01,43.20,0.00,11717.20,INR,2026-08-18,SBIN8846861559,processed
setl_000000232,pay_000000232,1999.00,39.98,7.20,0.00,1951.82,INR,2026-08-21,ICICI7345617046,processed
setl_000000233,pay_000000233,3499.88,70.00,12.60,0.00,3417.28,INR,2026-08-20,AXIS5344083406,processed
setl_000000234,pay_000000234,1999.28,39.99,7.20,0.00,1952.09,INR,2026-08-19,ICICI6562144159,processed
setl_000000235,pay_000000235,12000.60,240.01,43.20,0.00,11717.39,INR,2026-08-29,KKBK6899673770,processed
setl_000000236,pay_000000236,7500.67,150.01,27.00,0.00,7323.66,INR,2026-08-28,KKBK9941564880,processed
setl_000000237,pay_000000237,1250.41,25.01,4.50,0.00,1220.90,INR,2026-08-30,KKBK3304937838,processed
setl_000000238,pay_000000238,12000.57,240.01,43.20,0.00,11717.36,INR,2026-08-29,KKBK3099500153,processed
setl_000000239,pay_000000239,12000.59,240.01,43.20,0.00,11717.38,INR,2026-08-27,SBIN3421980125,processed
setl_000000240,pay_000000240,899.05,17.98,3.24,0.00,877.83,INR,2026-08-23,HDFC4203205881,processed
setl_000000241,pay_000000241,499.36,9.99,1.80,0.00,487.57,INR,2026-08-23,HDFC9305502799,processed
setl_000000242,pay_000000242,7500.48,150.01,27.00,0.00,7323.47,INR,2026-08-23,SBIN9123215994,processed
setl_000000243,pay_000000243,12000.50,240.01,43.20,0.00,11717.29,INR,2026-08-25,AXIS1509525588,processed
setl_000000244,pay_000000244,7500.86,150.02,27.00,0.00,7323.84,INR,2026-08-28,HDFC9497552788,processed
setl_000000245,pay_000000245,1250.35,25.01,4.50,0.00,1220.84,INR,2026-08-20,ICICI7273337794,processed
setl_000000246,pay_000000246,899.12,17.98,3.24,0.00,877.90,INR,2026-08-26,HDFC2033653860,processed
setl_000000247,pay_000000247,1999.69,39.99,7.20,0.00,1952.50,INR,2026-08-20,HDFC7022683808,processed
setl_000000248,pay_000000248,2000.18,40.00,7.20,0.00,1952.98,INR,2026-08-27,KKBK2377246195,processed
setl_000000249,pay_000000249,12000.63,240.01,43.20,0.00,11717.42,INR,2026-08-17,HDFC8210176888,processed
setl_000000250,pay_000000250,4999.19,99.98,18.00,0.00,4881.21,INR,2026-08-21,AXIS8285589122,processed
setl_000000251,pay_000000251,7500.07,150.00,27.00,0.00,7323.07,INR,2026-08-25,ICICI4039019230,processed
setl_000000252,pay_000000252,899.57,17.99,3.24,0.00,878.34,INR,2026-08-30,AXIS6168291913,processed
setl_000000253,pay_000000253,899.24,17.98,3.24,0.00,878.02,INR,2026-08-29,SBIN3589530484,processed
setl_000000254,pay_000000254,1999.24,39.98,7.20,0.00,1952.06,INR,2026-08-28,AXIS4904100195,processed
setl_000000255,pay_000000255,4999.30,99.99,18.00,0.00,4881.31,INR,2026-08-25,KKBK4022663059,processed
setl_000000256,pay_000000256,3499.65,69.99,12.60,0.00,3417.06,INR,2026-08-24,AXIS6619630925,processed
setl_000000257,pay_000000257,3499.40,69.99,12.60,0.00,3416.81,INR,2026-08-23,AXIS4927019611,processed
setl_000000258,pay_000000258,1250.25,25.00,4.50,0.00,1220.75,INR,2026-08-22,HDFC7088451458,processed
setl_000000259,pay_000000259,7500.58,150.01,27.00,0.00,7323.57,INR,2026-08-19,AXIS8823677798,processed
setl_000000260,pay_000000260,12000.04,240.00,43.20,0.00,11716.84,INR,2026-08-30,SBIN5111301175,processed
setl_000000261,pay_000000261,899.90,18.00,3.24,0.00,878.66,INR,2026-08-19,SBIN3708842947,processed
setl_000000262,pay_000000262,7500.02,150.00,27.00,0.00,7323.02,INR,2026-08-17,KKBK9215204939,processed
setl_000000263,pay_000000263,12000.36,240.01,43.20,0.00,11717.15,INR,2026-08-17,KKBK8396761430,processed
setl_000000264,pay_000000264,1999.79,40.00,7.20,0.00,1952.59,INR,2026-08-25,ICICI1639509845,processed
setl_000000265,pay_000000265,4999.58,99.99,18.00,0.00,4881.59,INR,2026-08-26,SBIN5634352383,processed
setl_000000266,pay_000000266,899.51,17.99,3.24,0.00,878.28,INR,2026-08-23,HDFC4262396395,processed
setl_000000267,pay_000000267,899.63,17.99,3.24,0.00,878.40,INR,2026-08-30,HDFC4018696945,processed
setl_000000268,pay_000000268,1999.27,39.99,7.20,0.00,1952.08,INR,2026-08-30,HDFC4947728706,processed
setl_000000269,pay_000000269,1250.40,25.01,4.50,0.00,1220.89,INR,2026-08-17,HDFC3826557688,processed
setl_000000270,pay_000000270,2000.20,40.00,7.20,0.00,1953.00,INR,2026-08-26,SBIN4989487508,processed
setl_000000271,pay_000000271,1250.88,25.02,4.50,0.00,1221.36,INR,2026-08-28,KKBK6719736115,processed
setl_000000272,pay_000000272,4999.99,100.00,18.00,0.00,4881.99,INR,2026-08-22,SBIN5621463184,processed
setl_000000273,pay_000000273,3499.70,69.99,12.60,0.00,3417.11,INR,2026-08-23,SBIN3107125807,processed
setl_000000274,pay_000000274,2000.19,40.00,7.20,0.00,1952.99,INR,2026-08-23,KKBK1315708805,processed
setl_000000275,pay_000000275,2000.56,40.01,7.20,0.00,1953.35,INR,2026-08-22,HDFC1393077279,processed
setl_000000276,pay_000000276,499.11,9.98,1.80,0.00,487.33,INR,2026-08-22,SBIN2752536389,processed
setl_000000277,pay_000000277,4999.99,100.00,18.00,0.00,4881.99,INR,2026-08-18,HDFC6548442140,processed
setl_000000278,pay_000000278,1250.17,25.00,4.50,0.00,1220.67,INR,2026-08-21,ICICI8238377072,processed
setl_000000279,pay_000000279,4999.38,99.99,18.00,0.00,4881.39,INR,2026-08-24,ICICI7161887665,processed
setl_000000280,pay_000000280,899.17,17.98,3.24,250.00,627.95,INR,2026-08-21,SBIN6134840512,processed
setl_000000281,pay_000000281,4999.83,100.00,18.00,0.00,4881.83,INR,2026-08-26,AXIS7185710340,processed
setl_000000282,pay_000000282,1250.50,25.01,4.50,0.00,1220.99,INR,2026-08-22,ICICI7352298473,processed
setl_000000283,pay_000000283,2000.50,40.01,7.20,0.00,1953.29,INR,2026-08-22,ICICI6694638039,processed
setl_000000284,pay_000000284,1999.56,39.99,7.20,0.00,1952.37,INR,2026-08-29,KKBK8418324922,processed
setl_000000285,pay_000000285,1250.81,25.02,4.50,0.00,1221.29,INR,2026-08-21,SBIN8185384294,processed
setl_000000286,pay_000000286,7500.74,150.01,27.00,0.00,7323.73,INR,2026-08-23,SBIN5612645121,processed
setl_000000287,pay_000000287,899.98,18.00,3.24,0.00,878.74,INR,2026-08-20,AXIS4927323476,processed
setl_000000288,pay_000000288,4999.96,100.00,18.00,0.00,4881.96,INR,2026-08-22,KKBK9780187424,processed
setl_000000289,pay_000000289,7500.47,150.01,27.00,0.00,7323.46,INR,2026-08-23,ICICI3470617247,processed
setl_000000290,pay_000000290,2000.53,40.01,7.20,0.00,1953.32,INR,2026-08-18,HDFC3073486033,processed
setl_000000291,pay_000000291,7500.12,150.00,27.00,0.00,7323.12,INR,2026-08-24,AXIS7369118672,processed
setl_000000292,pay_000000292,1999.66,39.99,7.20,0.00,1952.47,INR,2026-08-19,HDFC4436189121,processed
setl_000000293,pay_000000293,4999.50,99.99,18.00,0.00,4881.51,INR,2026-08-17,SBIN1792214339,processed
setl_000000294,pay_000000294,1999.26,39.99,7.20,0.00,1952.07,INR,2026-08-21,SBIN2670036982,processed
setl_000000295,pay_000000295,3499.25,69.98,12.60,0.00,3416.67,INR,2026-08-24,KKBK6097953682,processed
setl_000000296,pay_000000296,4999.75,100.00,18.00,0.00,4881.75,INR,2026-08-18,AXIS7858937483,processed
setl_000000297,pay_000000297,1250.40,25.01,4.50,0.00,1220.89,INR,2026-08-18,AXIS3534753843,processed
setl_000000298,pay_000000298,4999.76,100.00,18.00,0.00,4881.76,INR,2026-08-19,ICICI7488943393,processed
setl_000000299,pay_000000299,12000.21,240.00,43.20,0.00,11717.01,INR,2026-08-24,KKBK5294535887,processed
setl_000000300,pay_000000300,3499.01,69.98,12.60,0.00,3416.43,INR,2026-08-24,SBIN3660345628,processed
setl_000000301,pay_000000301,4999.87,100.00,18.00,0.00,4881.87,INR,2026-08-24,KKBK8099880573,processed
setl_000000302,pay_000000302,1999.37,39.99,7.20,0.00,1952.18,INR,2026-08-17,HDFC3428365056,processed
setl_000000303,pay_000000303,899.34,17.99,3.24,0.00,878.11,INR,2026-08-29,SBIN3193894984,processed
setl_000000304,pay_000000304,1999.38,39.99,7.20,0.00,1952.19,INR,2026-08-30,HDFC2826025489,processed
setl_000000305,pay_000000305,1999.26,39.99,7.20,0.00,1952.07,INR,2026-08-29,HDFC5269015757,processed
setl_000000306,pay_000000306,1250.78,25.02,4.50,0.00,1221.26,INR,2026-08-19,KKBK8012696455,processed
setl_000000307,pay_000000307,3499.90,70.00,12.60,0.00,3417.30,INR,2026-08-21,KKBK3313993297,processed
setl_000000308,pay_000000308,4999.07,99.98,18.00,500.00,4381.09,INR,2026-08-21,KKBK1408988968,processed
setl_000000309,pay_000000309,4999.62,99.99,18.00,0.00,4881.63,INR,2026-08-19,AXIS4558302256,processed
setl_000000310,pay_000000310,899.51,17.99,3.24,0.00,878.28,INR,2026-08-25,SBIN2941289685,processed
setl_000000311,pay_000000311,7500.81,150.02,27.00,0.00,7323.79,INR,2026-08-27,SBIN4147025728,processed
setl_000000312,pay_000000312,2000.41,40.01,7.20,0.00,1953.20,INR,2026-08-30,SBIN6204862411,processed
setl_000000313,pay_000000313,499.05,9.98,1.80,0.00,487.27,INR,2026-08-18,SBIN8680705725,processed
setl_000000314,pay_000000314,499.54,9.99,1.80,0.00,487.75,INR,2026-08-20,ICICI7190276026,processed
setl_000000315,pay_000000315,3499.32,69.99,12.60,0.00,3416.73,INR,2026-08-18,AXIS9990826771,processed
setl_000000316,pay_000000316,4999.83,100.00,18.00,0.00,4881.83,INR,2026-08-18,AXIS4243697409,processed
setl_000000317,pay_000000317,12000.87,240.02,43.20,0.00,11717.65,INR,2026-08-24,ICICI3549834042,processed
setl_000000318,pay_000000318,7500.09,150.00,27.00,0.00,7323.09,INR,2026-08-20,SBIN3980840461,processed
setl_000000319,pay_000000319,1250.48,25.01,4.50,0.00,1220.97,INR,2026-08-29,AXIS9078786223,processed
setl_000000320,pay_000000320,1250.56,25.01,4.50,0.00,1221.05,INR,2026-08-22,KKBK9626333315,processed
setl_000000321,pay_000000321,1999.11,39.98,7.20,0.00,1951.93,INR,2026-08-18,KKBK8243746556,processed
setl_000000322,pay_000000322,2000.82,40.02,7.20,0.00,1953.60,INR,2026-08-18,SBIN1600566083,processed
setl_000000323,pay_000000323,12000.77,240.02,43.20,0.00,11717.55,INR,2026-08-25,HDFC2295574037,processed
setl_000000324,pay_000000324,4999.14,99.98,18.00,0.00,4881.16,INR,2026-08-20,HDFC6322929387,processed
setl_000000325,pay_000000325,3499.16,69.98,12.60,0.00,3416.58,INR,2026-08-23,HDFC9533595495,processed
setl_000000326,pay_000000326,899.02,17.98,3.24,0.00,877.80,INR,2026-08-26,ICICI8570850267,processed
setl_000000327,pay_000000327,4999.89,100.00,18.00,0.00,4881.89,INR,2026-08-23,HDFC8589679668,processed
setl_000000328,pay_000000328,1999.19,39.98,7.20,0.00,1952.01,INR,2026-08-25,AXIS9929329605,processed
setl_000000329,pay_000000329,499.31,9.99,1.80,0.00,487.52,INR,2026-08-18,SBIN4635552887,processed
setl_000000330,pay_000000330,899.01,17.98,3.24,0.00,877.79,INR,2026-08-28,HDFC4181102664,processed
setl_000000331,pay_000000331,1250.47,25.01,4.50,0.00,1220.96,INR,2026-08-19,AXIS8390631634,processed
setl_000000332,pay_000000332,12000.08,240.00,43.20,0.00,11716.88,INR,2026-08-21,HDFC7138902282,processed
setl_000000333,pay_000000333,7500.72,150.01,27.00,0.00,7323.71,INR,2026-08-19,KKBK2546720356,processed
setl_000000334,pay_000000334,12000.00,240.00,43.20,0.00,11716.80,INR,2026-08-17,KKBK1495354059,processed
setl_000000335,pay_000000335,1250.04,25.00,4.50,0.00,1220.54,INR,2026-08-25,SBIN4952342924,processed
setl_000000336,pay_000000336,899.73,17.99,3.24,0.00,878.50,INR,2026-08-22,SBIN6669078244,processed
setl_000000337,pay_000000337,4999.08,99.98,18.00,0.00,4881.10,INR,2026-08-24,KKBK5215140451,processed
setl_000000338,pay_000000338,3499.25,69.98,12.60,0.00,3416.67,INR,2026-08-21,KKBK2961709893,processed
setl_000000339,pay_000000339,7500.98,150.02,27.00,0.00,7323.96,INR,2026-08-29,ICICI7287517250,processed
setl_000000340,pay_000000340,12000.44,240.01,43.20,0.00,11717.23,INR,2026-08-27,SBIN1102693781,processed
setl_000000341,pay_000000341,899.26,17.99,3.24,0.00,878.03,INR,2026-08-25,SBIN8418332121,processed
setl_000000342,pay_000000342,899.05,17.98,3.24,0.00,877.83,INR,2026-08-20,ICICI8351491401,processed
setl_000000343,pay_000000343,12000.17,240.00,43.20,0.00,11716.97,INR,2026-08-27,HDFC3494390866,processed
setl_000000344,pay_000000344,2000.40,40.01,7.20,0.00,1953.19,INR,2026-08-29,ICICI6311894154,processed
setl_000000345,pay_000000345,1999.17,39.98,7.20,0.00,1951.99,INR,2026-08-29,AXIS2003352579,processed
setl_000000346,pay_000000346,4999.15,99.98,18.00,0.00,4881.17,INR,2026-08-25,SBIN7296658772,processed
setl_000000347,pay_000000347,1250.87,25.02,4.50,0.00,1221.35,INR,2026-08-21,SBIN1515024824,processed
setl_000000348,pay_000000348,1999.45,39.99,7.20,0.00,1952.26,INR,2026-08-23,AXIS1637045876,processed
setl_000000349,pay_000000349,7500.13,150.00,27.00,0.00,7323.13,INR,2026-08-29,ICICI2073108894,processed
setl_000000350,pay_000000350,4999.47,99.99,18.00,0.00,4881.48,INR,2026-08-27,ICICI1561417687,processed
setl_000000351,pay_000000351,899.25,17.98,3.24,0.00,878.03,INR,2026-08-27,AXIS1322067505,processed
setl_000000352,pay_000000352,7500.06,150.00,27.00,0.00,7323.06,INR,2026-08-19,AXIS1526252306,processed
setl_000000353,pay_000000353,1250.45,25.01,4.50,0.00,1220.94,INR,2026-08-20,SBIN8229344434,processed
setl_000000354,pay_000000354,1999.82,40.00,7.20,0.00,1952.62,INR,2026-08-21,ICICI9738752801,processed
setl_000000355,pay_000000355,4999.25,99.98,18.00,0.00,4881.27,INR,2026-08-27,AXIS2645038111,processed
setl_000000357,pay_000000357,499.99,10.00,1.80,0.00,488.19,INR,2026-08-21,AXIS3564595211,processed
setl_000000358,pay_000000358,1250.12,25.00,4.50,0.00,1220.62,INR,2026-08-20,KKBK5293274004,processed
setl_000000359,pay_000000359,4999.45,99.99,18.00,0.00,4881.46,INR,2026-08-30,HDFC5070780669,processed
setl_000000360,pay_000000360,3499.72,69.99,12.60,0.00,3417.13,INR,2026-08-26,AXIS9711080868,processed
setl_000000361,pay_000000361,1250.62,25.01,4.50,0.00,1221.11,INR,2026-08-17,SBIN7623374739,processed
setl_000000362,pay_000000362,499.42,9.99,1.80,0.00,487.63,INR,2026-08-26,HDFC7556046460,processed
setl_000000363,pay_000000363,499.18,9.98,1.80,0.00,487.40,INR,2026-08-26,ICICI2389803385,processed
setl_000000364,pay_000000364,3499.90,70.00,12.60,0.00,3417.30,INR,2026-08-27,AXIS5125568431,processed
setl_000000365,pay_000000365,7500.83,150.02,27.00,0.00,7323.81,INR,2026-08-22,AXIS9369574998,processed
setl_000000366,pay_000000366,4999.39,99.99,18.00,0.00,4881.40,INR,2026-08-28,KKBK4498054328,processed
setl_000000367,pay_000000367,3499.78,70.00,12.60,0.00,3417.18,INR,2026-08-20,KKBK1139082827,processed
setl_000000368,pay_000000368,3499.40,69.99,12.60,100.00,3316.81,INR,2026-08-19,ICICI1334176969,processed
setl_000000369,pay_000000369,899.44,17.99,3.24,0.00,878.21,INR,2026-08-21,AXIS1900587144,processed
setl_000000370,pay_000000370,1250.52,25.01,4.50,0.00,1221.01,INR,2026-08-24,SBIN8441393731,processed
setl_000000371,pay_000000371,7500.09,150.00,27.00,0.00,7323.09,INR,2026-08-29,SBIN1968870456,processed
setl_000000372,pay_000000372,1250.48,25.01,4.50,0.00,1220.97,INR,2026-08-19,HDFC5613655595,processed
setl_000000373,pay_000000373,499.55,9.99,1.80,0.00,487.76,INR,2026-08-27,KKBK9131344493,processed
setl_000000374,pay_000000374,1999.52,39.99,7.20,0.00,1952.33,INR,2026-08-28,HDFC2422040412,processed
setl_000000375,pay_000000375,499.50,9.99,1.80,0.00,487.71,INR,2026-08-26,AXIS2020262123,processed
setl_000000376,pay_000000376,899.37,17.99,3.24,0.00,878.14,INR,2026-08-30,AXIS5311355060,processed
setl_000000377,pay_000000377,2000.10,40.00,7.20,0.00,1952.90,INR,2026-08-24,HDFC1888856289,processed
setl_000000378,pay_000000378,12000.49,240.01,43.20,0.00,11717.28,INR,2026-08-19,AXIS9981364488,processed
setl_000000379,pay_000000379,7500.59,150.01,27.00,0.00,7323.58,INR,2026-08-21,SBIN5486595528,processed
setl_000000380,pay_000000380,899.85,18.00,3.24,0.00,878.61,INR,2026-08-22,ICICI3866755218,processed
setl_000000381,pay_000000381,7500.38,150.01,27.00,0.00,7323.37,INR,2026-08-18,SBIN4786674545,processed
setl_000000382,pay_000000382,899.96,18.00,3.24,0.00,878.72,INR,2026-08-24,KKBK3664052763,processed
setl_000000383,pay_000000383,899.87,18.00,3.24,0.00,878.63,INR,2026-08-23,ICICI5478258887,processed
setl_000000384,pay_000000384,899.49,17.99,3.24,0.00,878.26,INR,2026-08-25,AXIS4467514661,processed
setl_000000385,pay_000000385,12000.53,240.01,43.20,0.00,11717.32,INR,2026-08-18,KKBK4751509023,processed
setl_000000386,pay_000000386,899.72,17.99,3.24,0.00,878.49,INR,2026-08-29,KKBK5035765954,processed
setl_000000387,pay_000000387,2000.49,40.01,7.20,0.00,1953.28,INR,2026-08-27,AXIS9065491438,processed
setl_000000388,pay_000000388,4999.04,99.98,18.00,0.00,4881.06,INR,2026-08-23,AXIS2730759996,processed
setl_000000389,pay_000000389,3499.02,69.98,12.60,0.00,3416.44,INR,2026-08-22,SBIN9249923427,processed
setl_000000390,pay_000000390,2000.95,40.02,7.20,0.00,1953.73,INR,2026-08-24,HDFC1979069637,processed
setl_000000391,pay_000000391,1999.52,39.99,7.20,0.00,1952.33,INR,2026-08-28,HDFC6102144947,processed
setl_000000392,pay_000000392,899.39,17.99,3.24,0.00,878.16,INR,2026-08-28,KKBK4399425369,processed
setl_000000393,pay_000000393,1999.25,39.98,7.20,0.00,1952.07,INR,2026-08-30,KKBK1124331395,processed
setl_000000394,pay_000000394,2000.47,40.01,7.20,0.00,1953.26,INR,2026-08-30,AXIS4026379752,processed
setl_000000395,pay_000000395,1999.47,39.99,7.20,0.00,1952.28,INR,2026-08-24,HDFC3925621610,processed
setl_000000396,pay_000000396,1250.33,25.01,4.50,0.00,1220.82,INR,2026-08-28,SBIN6797174636,processed
setl_000000397,pay_000000397,4999.65,99.99,18.00,0.00,4881.66,INR,2026-08-17,ICICI6182870116,processed
setl_000000398,pay_000000398,2000.77,40.02,7.20,0.00,1953.55,INR,2026-08-29,ICICI1036351450,processed
setl_000000399,pay_000000399,1999.59,39.99,7.20,0.00,1952.40,INR,2026-08-21,AXIS7266348777,processed
setl_000000400,pay_000000400,2000.87,40.02,7.20,0.00,1953.65,INR,2026-08-18,HDFC7910817577,processed
setl_000000402,pay_000000402,4999.84,100.00,18.00,0.00,4881.84,INR,2026-08-22,ICICI4864126433,processed
setl_000000403,pay_000000403,4999.94,100.00,18.00,0.00,4881.94,INR,2026-08-17,AXIS7092693247,processed
setl_000000404,pay_000000404,2000.12,40.00,7.20,0.00,1952.92,INR,2026-08-24,ICICI3397657114,processed
setl_000000405,pay_000000405,3499.28,69.99,12.60,0.00,3416.69,INR,2026-08-28,KKBK1383539822,processed
setl_000000406,pay_000000406,899.60,17.99,3.24,0.00,878.37,INR,2026-08-17,KKBK6557907251,processed
setl_000000407,pay_000000407,4999.67,99.99,18.00,0.00,4881.68,INR,2026-08-21,ICICI3149533961,processed
setl_000000408,pay_000000408,7500.18,150.00,27.00,0.00,7323.18,INR,2026-08-22,ICICI6766723248,processed
setl_000000409,pay_000000409,7500.35,150.01,27.00,0.00,7323.34,INR,2026-08-20,ICICI1249166485,processed
setl_000000410,pay_000000410,4999.61,99.99,18.00,0.00,4881.62,INR,2026-08-23,HDFC7139268005,processed
setl_000000411,pay_000000411,12000.24,240.00,43.20,0.00,11717.04,INR,2026-08-17,HDFC9126105576,processed
setl_000000412,pay_000000412,899.49,17.99,3.24,0.00,878.26,INR,2026-08-25,AXIS2340426053,processed
setl_000000413,pay_000000413,12000.76,240.02,43.20,0.00,11717.54,INR,2026-08-25,HDFC6544063167,processed
setl_000000414,pay_000000414,4999.02,99.98,18.00,0.00,4881.04,INR,2026-08-20,SBIN1809283659,processed
setl_000000415,pay_000000415,3499.91,70.00,12.60,0.00,3417.31,INR,2026-08-27,HDFC1725783958,processed
setl_000000416,pay_000000416,499.84,10.00,1.80,0.00,488.04,INR,2026-08-18,KKBK9798613995,processed
setl_000000417,pay_000000417,4999.15,99.98,18.00,0.00,4881.17,INR,2026-08-25,HDFC7085004726,processed
setl_000000418,pay_000000418,899.84,18.00,3.24,0.00,878.60,INR,2026-08-25,HDFC6588252632,processed
setl_000000419,pay_000000419,2000.14,40.00,7.20,0.00,1952.94,INR,2026-08-29,HDFC3652992543,processed
setl_000000420,pay_000000420,3499.90,70.00,12.60,0.00,3417.30,INR,2026-08-23,AXIS5179517389,processed
setl_000000421,pay_000000421,1999.00,39.98,7.20,0.00,1951.82,INR,2026-08-17,ICICI7359403225,processed
setl_000000422,pay_000000422,899.32,17.99,3.24,0.00,878.09,INR,2026-08-27,SBIN3197757742,processed
setl_000000423,pay_000000423,3499.54,69.99,12.60,0.00,3416.95,INR,2026-08-28,HDFC6542943838,processed
setl_000000424,pay_000000424,3499.56,69.99,12.60,0.00,3416.97,INR,2026-08-26,ICICI6027311960,processed
setl_000000425,pay_000000425,4999.51,99.99,18.00,0.00,4881.52,INR,2026-08-24,AXIS1785418196,processed
setl_000000426,pay_000000426,1250.14,25.00,4.50,0.00,1220.64,INR,2026-08-19,SBIN8730507757,processed
setl_000000427,pay_000000427,4999.99,100.00,18.00,0.00,4881.99,INR,2026-08-22,KKBK2881894932,processed
setl_000000428,pay_000000428,499.08,9.98,1.80,0.00,487.30,INR,2026-08-21,SBIN7061419749,processed
setl_000000429,pay_000000429,3499.66,69.99,12.60,0.00,3417.07,INR,2026-08-25,KKBK3426709025,processed
setl_000000430,pay_000000430,4999.19,99.98,18.00,0.00,4881.21,INR,2026-08-30,ICICI7364839489,processed
setl_000000431,pay_000000431,7500.41,150.01,27.00,0.00,7323.40,INR,2026-08-20,ICICI1710404224,processed
setl_000000432,pay_000000432,4999.30,99.99,18.00,0.00,4881.31,INR,2026-08-18,KKBK8057994126,processed
setl_000000433,pay_000000433,899.63,17.99,3.24,0.00,878.40,INR,2026-08-28,SBIN7215110267,processed
setl_000000434,pay_000000434,3499.46,69.99,12.60,0.00,3416.87,INR,2026-08-30,HDFC8178927766,processed
setl_000000435,pay_000000435,7500.14,150.00,27.00,0.00,7323.14,INR,2026-08-18,AXIS8117478955,processed
setl_000000436,pay_000000436,1250.63,25.01,4.50,0.00,1221.12,INR,2026-08-19,AXIS1456650521,processed
setl_000000437,pay_000000437,1999.58,39.99,7.20,0.00,1952.39,INR,2026-08-30,ICICI8955114245,processed
setl_000000438,pay_000000438,7500.84,150.02,27.00,0.00,7323.82,INR,2026-08-26,SBIN9125023089,processed
setl_000000439,pay_000000439,12000.99,240.02,43.20,0.00,11717.77,INR,2026-08-19,HDFC7808041613,processed
setl_000000440,pay_000000440,4999.77,100.00,18.00,0.00,4881.77,INR,2026-08-28,KKBK9080510951,processed
setl_000000441,pay_000000441,4999.77,100.00,18.00,0.00,4881.77,INR,2026-08-28,AXIS1572827654,processed
setl_000000442,pay_000000442,1999.26,39.99,7.20,0.00,1952.07,INR,2026-08-26,KKBK3716924538,processed
setl_000000443,pay_000000443,12000.69,240.01,43.20,0.00,11717.48,INR,2026-08-28,ICICI5115980792,processed
setl_000000444,pay_000000444,499.66,9.99,1.80,0.00,487.87,INR,2026-08-18,KKBK8934097788,processed
setl_000000445,pay_000000445,1250.36,25.01,4.50,0.00,1220.85,INR,2026-08-27,HDFC6153541642,processed
setl_000000446,pay_000000446,3499.57,69.99,12.60,0.00,3416.98,INR,2026-08-18,AXIS3324316421,processed
setl_000000447,pay_000000447,12000.89,240.02,43.20,0.00,11717.67,INR,2026-08-21,KKBK2670255496,processed
setl_000000448,pay_000000448,2000.25,40.00,7.20,0.00,1953.05,INR,2026-08-26,AXIS1231078662,processed
setl_000000449,pay_000000449,1999.37,39.99,7.20,0.00,1952.18,INR,2026-08-24,AXIS3591527330,processed
setl_000000450,pay_000000450,499.54,9.99,1.80,0.00,487.75,INR,2026-08-21,KKBK5807588013,processed
setl_000000451,pay_000000451,7500.90,150.02,27.00,0.00,7323.88,INR,2026-08-19,AXIS5319212967,processed
setl_000000452,pay_000000452,12000.45,240.01,43.20,0.00,11717.24,INR,2026-08-18,KKBK6588417397,processed
setl_000000453,pay_000000453,4999.69,99.99,18.00,0.00,4881.70,INR,2026-08-25,KKBK3169561289,processed
setl_000000454,pay_000000454,3499.46,69.99,12.60,0.00,3416.87,INR,2026-08-21,ICICI8143967196,processed
setl_000000455,pay_000000455,1999.82,40.00,7.20,0.00,1952.62,INR,2026-08-26,HDFC6781057298,processed
setl_000000455_b,pay_000000455,1999.82,40.00,7.20,0.00,1952.62,INR,2026-08-26,HDFC6781057298B,processed
setl_000000456,pay_000000456,2000.69,40.01,7.20,0.00,1953.48,INR,2026-08-28,AXIS5781905054,processed
setl_000000457,pay_000000457,499.37,9.99,1.80,0.00,487.58,INR,2026-08-27,KKBK7208619610,processed
setl_000000458,pay_000000458,899.26,17.99,3.24,100.00,778.03,INR,2026-08-27,ICICI3290101581,processed
setl_000000459,pay_000000459,899.95,18.00,3.24,0.00,878.71,INR,2026-08-27,ICICI8624454880,processed
setl_000000460,pay_000000460,499.22,9.98,1.80,0.00,487.44,INR,2026-08-29,HDFC1375899416,processed
setl_000000461,pay_000000461,4999.49,99.99,18.00,0.00,4881.50,INR,2026-08-24,ICICI9207624837,processed
setl_000000462,pay_000000462,12000.00,240.00,43.20,0.00,11716.80,INR,2026-08-27,SBIN3891796055,processed
setl_000000463,pay_000000463,2000.87,40.02,7.20,0.00,1953.65,INR,2026-08-21,HDFC3159668272,processed
setl_000000464,pay_000000464,499.60,9.99,1.80,0.00,487.81,INR,2026-08-19,SBIN6933126143,processed
setl_000000465,pay_000000465,2000.86,40.02,7.20,0.00,1953.64,INR,2026-08-29,KKBK3723205427,processed
setl_000000466,pay_000000466,499.00,9.98,1.80,0.00,487.22,INR,2026-08-26,KKBK1607196157,processed
setl_000000467,pay_000000467,12000.18,240.00,43.20,0.00,11716.98,INR,2026-08-19,AXIS6204370540,processed
setl_000000468,pay_000000468,12000.09,240.00,43.20,0.00,11716.89,INR,2026-08-21,ICICI7652264884,processed
setl_000000469,pay_000000469,1250.85,25.02,4.50,0.00,1221.33,INR,2026-08-27,KKBK6715961218,processed
setl_000000470,pay_000000470,7500.42,150.01,27.00,0.00,7323.41,INR,2026-08-26,ICICI6659847491,processed
setl_000000471,pay_000000471,4999.21,99.98,18.00,0.00,4881.23,INR,2026-08-17,AXIS8764011369,processed
setl_000000472,pay_000000472,3499.61,69.99,12.60,0.00,3417.02,INR,2026-08-24,SBIN2543980627,processed
setl_000000473,pay_000000473,2000.17,40.00,7.20,0.00,1952.97,INR,2026-08-25,HDFC3605446007,processed
setl_000000474,pay_000000474,4999.98,100.00,18.00,0.00,4881.98,INR,2026-08-26,HDFC3712815143,processed
setl_000000475,pay_000000475,1250.46,25.01,4.50,0.00,1220.95,INR,2026-08-23,KKBK7612862866,processed
setl_000000476,pay_000000476,4999.46,99.99,18.00,0.00,4881.47,INR,2026-08-25,KKBK3192202822,processed
setl_000000477,pay_000000477,12000.17,240.00,43.20,0.00,11716.97,INR,2026-08-24,KKBK3938451957,processed
setl_000000478,pay_000000478,499.28,9.99,1.80,0.00,487.49,INR,2026-08-29,SBIN9328694308,processed
setl_000000479,pay_000000479,1999.66,39.99,7.20,0.00,1952.47,INR,2026-08-29,ICICI9773795424,processed
setl_000000480,pay_000000480,899.90,18.00,3.24,0.00,878.66,INR,2026-08-25,HDFC8080359881,processed
setl_000000481,pay_000000481,4999.46,99.99,18.00,0.00,4881.47,INR,2026-08-26,KKBK6041646576,processed
setl_000000482,pay_000000482,3499.62,69.99,12.60,0.00,3417.03,INR,2026-08-29,SBIN7038046278,processed
setl_000000483,pay_000000483,1999.09,39.98,7.20,0.00,1951.91,INR,2026-08-25,ICICI2889350539,processed
setl_000000484,pay_000000484,3499.92,70.00,12.60,0.00,3417.32,INR,2026-08-18,ICICI6284297249,processed
setl_000000485,pay_000000485,499.31,9.99,1.80,0.00,487.52,INR,2026-08-17,KKBK8874242713,processed
setl_000000486,pay_000000486,499.21,9.98,1.80,0.00,487.43,INR,2026-08-21,KKBK3457877922,processed
setl_000000487,pay_000000487,2000.10,40.00,7.20,0.00,1952.90,INR,2026-08-20,KKBK3738568701,processed
setl_000000488,pay_000000488,12000.33,240.01,43.20,0.00,11717.12,INR,2026-08-19,ICICI4296344958,processed
setl_000000489,pay_000000489,4999.16,99.98,18.00,0.00,4881.18,INR,2026-08-18,HDFC6282009986,processed
setl_000000490,pay_000000490,7500.78,150.02,27.00,0.00,7323.76,INR,2026-08-26,KKBK1413599241,processed
setl_000000491,pay_000000491,499.89,10.00,1.80,0.00,488.09,INR,2026-08-25,ICICI7101791420,processed
setl_000000492,pay_000000492,4999.17,99.98,18.00,0.00,4881.19,INR,2026-08-21,SBIN3474420092,processed
setl_000000493,pay_000000493,1999.00,39.98,7.20,0.00,1951.82,INR,2026-08-28,HDFC7050091525,processed
setl_000000494,pay_000000494,3499.13,69.98,12.60,0.00,3416.55,INR,2026-08-19,ICICI6651754819,processed
setl_000000495,pay_000000495,1999.52,39.99,7.20,0.00,1952.33,INR,2026-08-25,KKBK8218146534,processed
setl_000000496,pay_000000496,2000.73,40.01,7.20,0.00,1953.52,INR,2026-08-22,KKBK7372701375,processed
setl_000000497,pay_000000497,7500.89,150.02,27.00,0.00,7323.87,INR,2026-08-19,HDFC4211837506,processed
setl_000000498,pay_000000498,4999.81,100.00,18.00,0.00,4881.81,INR,2026-08-17,KKBK1223565082,processed
setl_000000499,pay_000000499,899.33,17.99,3.24,0.00,878.10,INR,2026-08-20,KKBK2869931869,processed
setl_000000500,pay_000000500,499.99,10.00,1.80,0.00,488.19,INR,2026-08-30,SBIN7532669066,processed
setl_000000501,pay_000000501,1999.04,39.98,7.20,0.00,1951.86,INR,2026-08-29,ICICI7520418699,processed
setl_000000502,pay_000000502,499.20,9.98,1.80,0.00,487.42,INR,2026-08-18,HDFC2545071541,processed
setl_000000503,pay_000000503,899.11,17.98,3.24,0.00,877.89,INR,2026-08-25,SBIN9655933303,processed
setl_000000504,pay_000000504,7500.51,150.01,27.00,0.00,7323.50,INR,2026-08-26,AXIS5136298935,processed
setl_000000505,pay_000000505,12000.37,240.01,43.20,0.00,11717.16,INR,2026-08-22,HDFC3399300652,processed
setl_000000506,pay_000000506,7500.75,150.02,27.00,0.00,7323.73,INR,2026-08-30,KKBK8626138802,processed
setl_000000507,pay_000000507,1999.40,39.99,7.20,0.00,1952.21,INR,2026-08-23,SBIN5270048042,processed
setl_000000508,pay_000000508,899.51,17.99,3.24,0.00,878.28,INR,2026-08-27,AXIS6361225622,processed
setl_000000509,pay_000000509,1250.95,25.02,4.50,0.00,1221.43,INR,2026-08-27,AXIS7759044245,processed
setl_000000510,pay_000000510,1999.29,39.99,7.20,0.00,1952.10,INR,2026-08-20,ICICI9043367776,processed
setl_000000511,pay_000000511,7500.78,150.02,27.00,0.00,7323.76,INR,2026-08-17,HDFC9927036153,processed
setl_000000512,pay_000000512,7500.23,150.00,27.00,0.00,7323.23,INR,2026-08-29,AXIS9026301048,processed
setl_000000513,pay_000000513,12000.54,240.01,43.20,0.00,11717.33,INR,2026-08-24,KKBK1550812184,processed
setl_000000514,pay_000000514,3499.88,70.00,12.60,0.00,3417.28,INR,2026-08-17,ICICI7520641417,processed
setl_000000515,pay_000000515,2000.23,40.00,7.20,0.00,1953.03,INR,2026-08-25,HDFC6692705133,processed
setl_000000516,pay_000000516,1250.63,25.01,4.50,0.00,1221.12,INR,2026-08-23,KKBK6768555384,processed
setl_000000517,pay_000000517,1250.73,25.01,4.50,0.00,1221.22,INR,2026-08-19,SBIN6495967005,processed
setl_000000518,pay_000000518,12000.55,240.01,43.20,0.00,11717.34,INR,2026-08-30,AXIS4453529865,processed
setl_000000519,pay_000000519,4999.63,99.99,18.00,0.00,4881.64,INR,2026-08-19,ICICI1041842844,processed
setl_000000520,pay_000000520,899.88,18.00,3.24,0.00,878.64,INR,2026-08-19,AXIS5499877198,processed
setl_000000521,pay_000000521,3499.46,69.99,12.60,0.00,3416.87,INR,2026-08-25,HDFC6732306182,processed
setl_000000522,pay_000000522,1999.73,39.99,7.20,0.00,1952.54,INR,2026-08-26,SBIN5815678365,processed
setl_000000523,pay_000000523,12000.62,240.01,43.20,0.00,11717.41,INR,2026-08-29,AXIS6820149016,processed
setl_000000524,pay_000000524,4999.09,99.98,18.00,0.00,4881.11,INR,2026-08-18,SBIN6744039057,processed
setl_000000525,pay_000000525,4999.34,99.99,18.00,0.00,4881.35,INR,2026-08-24,AXIS8346255879,processed
setl_000000526,pay_000000526,1250.93,25.02,4.50,0.00,1221.41,INR,2026-08-20,ICICI4668811953,processed
setl_000000527,pay_000000527,899.60,17.99,3.24,0.00,878.37,INR,2026-08-25,SBIN1442421654,processed
setl_000000528,pay_000000528,1250.10,25.00,4.50,0.00,1220.60,INR,2026-08-27,HDFC5741336386,processed
setl_000000529,pay_000000529,12000.21,240.00,43.20,0.00,11717.01,INR,2026-08-17,AXIS1542934161,processed
setl_000000530,pay_000000530,7500.69,150.01,27.00,0.00,7323.68,INR,2026-08-21,AXIS9006854740,processed
setl_000000531,pay_000000531,4999.67,99.99,18.00,0.00,4881.68,INR,2026-08-27,KKBK7861571879,processed
setl_000000532,pay_000000532,899.56,17.99,3.24,0.00,878.33,INR,2026-08-21,SBIN3317856944,processed
setl_000000533,pay_000000533,2000.60,40.01,7.20,0.00,1953.39,INR,2026-08-25,HDFC5880373288,processed
setl_000000534,pay_000000534,4999.37,99.99,18.00,100.00,4781.38,INR,2026-08-26,SBIN2286817379,processed
setl_000000535,pay_000000535,1999.20,39.98,7.20,0.00,1952.02,INR,2026-08-28,KKBK7172324849,processed
setl_000000536,pay_000000536,2000.83,40.02,7.20,0.00,1953.61,INR,2026-08-28,HDFC8235474949,processed
setl_000000537,pay_000000537,2000.14,40.00,7.20,0.00,1952.94,INR,2026-08-27,HDFC1783432867,processed
setl_000000538,pay_000000538,3499.02,69.98,12.60,0.00,3416.44,INR,2026-08-19,KKBK3113106808,processed
setl_000000539,pay_000000539,1250.91,25.02,4.50,0.00,1221.39,INR,2026-08-24,HDFC6506640008,processed
setl_000000540,pay_000000540,4999.39,99.99,18.00,0.00,4881.40,INR,2026-08-29,SBIN6227783030,processed
setl_000000541,pay_000000541,1250.07,25.00,4.50,0.00,1220.57,INR,2026-08-21,HDFC2418407139,processed
setl_000000542,pay_000000542,499.15,9.98,1.80,0.00,487.37,INR,2026-08-29,AXIS8805032417,processed
setl_000000543,pay_000000543,899.66,17.99,3.24,0.00,878.43,INR,2026-08-27,HDFC6150438341,processed
setl_000000544,pay_000000544,1250.80,25.02,4.50,0.00,1221.28,INR,2026-08-28,AXIS9315981171,processed
setl_000000545,pay_000000545,499.85,10.00,1.80,0.00,488.05,INR,2026-08-20,AXIS6148478789,processed
setl_000000546,pay_000000546,899.50,17.99,3.24,0.00,878.27,INR,2026-08-29,ICICI8706848089,processed
setl_000000547,pay_000000547,899.31,17.99,3.24,0.00,878.08,INR,2026-08-19,SBIN5960652625,processed
setl_000000548,pay_000000548,1250.89,25.02,4.50,250.00,971.37,INR,2026-08-25,HDFC5551699520,processed
setl_000000549,pay_000000549,7500.93,150.02,27.00,0.00,7323.91,INR,2026-08-20,KKBK8544958420,processed
setl_000000550,pay_000000550,7500.71,150.01,27.00,0.00,7323.70,INR,2026-08-21,ICICI5464569299,processed
setl_000000551,pay_000000551,3499.93,70.00,12.60,0.00,3417.33,INR,2026-08-24,ICICI7629799769,processed
setl_000000552,pay_000000552,2000.69,40.01,7.20,0.00,1953.48,INR,2026-08-22,ICICI7225057758,processed
setl_000000553,pay_000000553,3499.92,70.00,12.60,0.00,3417.32,INR,2026-08-18,HDFC3663727197,processed
setl_000000554,pay_000000554,4999.82,100.00,18.00,0.00,4881.82,INR,2026-08-22,SBIN6510997463,processed
setl_000000555,pay_000000555,899.62,17.99,3.24,0.00,878.39,INR,2026-08-20,ICICI1134319747,processed
setl_000000556,pay_000000556,499.46,9.99,1.80,0.00,487.67,INR,2026-08-20,KKBK7830290429,processed
setl_000000557,pay_000000557,899.59,17.99,3.24,0.00,878.36,INR,2026-08-29,ICICI8111389362,processed
setl_000000558,pay_000000558,499.78,10.00,1.80,0.00,487.98,INR,2026-08-21,SBIN8825544304,processed
setl_000000559,pay_000000559,12000.12,240.00,43.20,0.00,11716.92,INR,2026-08-18,HDFC5057041081,processed
setl_000000560,pay_000000560,1250.71,25.01,4.50,0.00,1221.20,INR,2026-08-28,KKBK3821263164,processed
setl_000000561,pay_000000561,899.21,17.98,3.24,0.00,877.99,INR,2026-08-29,KKBK8152161448,processed
setl_000000562,pay_000000562,3499.40,69.99,12.60,0.00,3416.81,INR,2026-08-25,ICICI7871585740,processed
setl_000000563,pay_000000563,4999.98,100.00,18.00,0.00,4881.98,INR,2026-08-25,SBIN3343446878,processed
setl_000000564,pay_000000564,499.36,9.99,1.80,0.00,487.57,INR,2026-08-26,SBIN9590774810,processed
setl_000000565,pay_000000565,1999.27,39.99,7.20,0.00,1952.08,INR,2026-08-30,AXIS5323180209,processed
setl_000000565_b,pay_000000565,1999.27,39.99,7.20,0.00,1952.08,INR,2026-08-30,AXIS5323180209B,processed
setl_000000566,pay_000000566,499.58,9.99,1.80,0.00,487.79,INR,2026-08-22,KKBK1664494972,processed
setl_000000567,pay_000000567,2000.11,40.00,7.20,0.00,1952.91,INR,2026-08-26,ICICI6295669542,processed
setl_000000568,pay_000000568,1250.62,25.01,4.50,0.00,1221.11,INR,2026-08-30,AXIS8700464894,processed
setl_000000569,pay_000000569,4999.10,99.98,18.00,0.00,4881.12,INR,2026-08-29,AXIS9750444358,processed
setl_000000570,pay_000000570,1999.95,40.00,7.20,0.00,1952.75,INR,2026-08-27,SBIN4727306207,processed
setl_000000571,pay_000000571,12000.05,240.00,43.20,0.00,11716.85,INR,2026-08-22,SBIN5527445083,processed
setl_000000572,pay_000000572,4999.57,99.99,18.00,0.00,4881.58,INR,2026-08-29,ICICI1657978181,processed
setl_000000573,pay_000000573,1250.16,25.00,4.50,0.00,1220.66,INR,2026-08-22,AXIS8672393427,processed
setl_000000574,pay_000000574,12000.55,240.01,43.20,0.00,11717.34,INR,2026-08-29,AXIS5660378755,processed
setl_000000575,pay_000000575,1999.71,39.99,7.20,0.00,1952.52,INR,2026-08-26,ICICI7390314766,processed
setl_000000576,pay_000000576,4999.54,99.99,18.00,0.00,4881.55,INR,2026-08-22,SBIN1384806111,processed
setl_000000577,pay_000000577,1250.44,25.01,4.50,0.00,1220.93,INR,2026-08-26,HDFC8600723288,processed
setl_000000578,pay_000000578,899.14,17.98,3.24,0.00,877.92,INR,2026-08-28,ICICI2605548088,processed
setl_000000579,pay_000000579,899.39,17.99,3.24,0.00,878.16,INR,2026-08-24,AXIS5353951329,processed
setl_000000580,pay_000000580,12000.66,240.01,43.20,0.00,11717.45,INR,2026-08-29,KKBK1909997553,processed
setl_000000581,pay_000000581,4999.74,99.99,18.00,0.00,4881.75,INR,2026-08-27,ICICI3870157362,processed
setl_000000582,pay_000000582,7500.83,150.02,27.00,0.00,7323.81,INR,2026-08-17,AXIS2165144965,processed
setl_000000583,pay_000000583,499.37,9.99,1.80,0.00,487.58,INR,2026-08-30,AXIS4712064103,processed
setl_000000584,pay_000000584,12000.11,240.00,43.20,0.00,11716.91,INR,2026-08-19,KKBK6649840375,processed
setl_000000585,pay_000000585,7500.50,150.01,27.00,0.00,7323.49,INR,2026-08-28,KKBK6604621025,processed
setl_000000586,pay_000000586,1999.64,39.99,7.20,0.00,1952.45,INR,2026-08-21,AXIS7980313867,processed
setl_000000587,pay_000000587,1999.19,39.98,7.20,0.00,1952.01,INR,2026-08-22,HDFC9371391276,processed
setl_000000588,pay_000000588,4999.30,99.99,18.00,0.00,4881.31,INR,2026-08-26,SBIN3948595172,processed
setl_000000589,pay_000000589,1250.74,25.01,4.50,0.00,1221.23,INR,2026-08-25,AXIS1565956995,processed
setl_000000590,pay_000000590,4999.98,100.00,18.00,0.00,4881.98,INR,2026-08-19,KKBK4906542112,processed
setl_000000591,pay_000000591,1250.40,25.01,4.50,0.00,1220.89,INR,2026-08-30,KKBK4089973470,processed
setl_000000592,pay_000000592,2000.56,40.01,7.20,0.00,1953.35,INR,2026-08-28,SBIN9423273485,processed
setl_000000593,pay_000000593,1250.03,25.00,4.50,0.00,1220.53,INR,2026-08-29,ICICI1458579821,processed
setl_000000594,pay_000000594,499.45,9.99,1.80,0.00,487.66,INR,2026-08-18,KKBK1997216402,processed
setl_000000595,pay_000000595,7500.17,150.00,27.00,0.00,7323.17,INR,2026-08-19,AXIS6959096557,processed
setl_000000596,pay_000000596,4999.28,99.99,18.00,0.00,4881.29,INR,2026-08-28,HDFC9269680715,processed
setl_000000597,pay_000000597,4999.99,100.00,18.00,0.00,4881.99,INR,2026-08-17,SBIN6354895816,processed
setl_000000598,pay_000000598,12000.13,240.00,43.20,0.00,11716.93,INR,2026-08-24,SBIN4379795093,processed
setl_000000599,pay_000000599,12000.49,240.01,43.20,0.00,11717.28,INR,2026-08-25,ICICI4157531471,processed
setl_000000600,pay_000000600,2000.59,40.01,7.20,0.00,1953.38,INR,2026-08-19,SBIN9093425963,processed
setl_000000601,pay_000000601,899.92,18.00,3.24,0.00,878.68,INR,2026-08-25,ICICI8069952132,processed
setl_000000602,pay_000000602,1250.58,25.01,4.50,0.00,1221.07,INR,2026-08-26,AXIS2936540028,processed
setl_000000603,pay_000000603,899.11,17.98,3.24,0.00,877.89,INR,2026-08-18,AXIS4420882289,processed
setl_000000604,pay_000000604,12000.48,240.01,43.20,0.00,11717.27,INR,2026-08-17,SBIN5981731142,processed
setl_000000605,pay_000000605,499.53,9.99,1.80,0.00,487.74,INR,2026-08-21,ICICI1621083944,processed
setl_000000606,pay_000000606,2000.01,40.00,7.20,0.00,1952.81,INR,2026-08-24,ICICI1871241447,processed
setl_000000607,pay_000000607,1999.75,40.00,7.20,0.00,1952.55,INR,2026-08-27,HDFC3119423746,processed
setl_000000608,pay_000000608,1999.70,39.99,7.20,0.00,1952.51,INR,2026-08-21,KKBK3577418939,processed
setl_000000609,pay_000000609,3499.04,69.98,12.60,0.00,3416.46,INR,2026-08-19,ICICI9826432406,processed
setl_000000610,pay_000000610,4999.22,99.98,18.00,0.00,4881.24,INR,2026-08-19,HDFC1210588114,processed
setl_000000611,pay_000000611,2000.41,40.01,7.20,0.00,1953.20,INR,2026-08-22,KKBK1153931824,processed
setl_000000612,pay_000000612,7500.17,150.00,27.00,0.00,7323.17,INR,2026-08-18,KKBK5573821760,processed
setl_000000613,pay_000000613,899.73,17.99,3.24,0.00,878.50,INR,2026-08-28,ICICI3628750833,processed
setl_000000614,pay_000000614,3499.33,69.99,12.60,0.00,3416.74,INR,2026-08-25,KKBK6528427385,processed
setl_000000615,pay_000000615,12000.93,240.02,43.20,0.00,11717.71,INR,2026-08-27,KKBK7711463369,processed
setl_000000616,pay_000000616,499.59,9.99,1.80,0.00,487.80,INR,2026-08-27,ICICI1006789986,processed
setl_000000617,pay_000000617,3499.44,69.99,12.60,0.00,3416.85,INR,2026-08-25,SBIN2778293161,processed
setl_000000618,pay_000000618,2000.64,40.01,7.20,0.00,1953.43,INR,2026-08-25,AXIS5586320975,processed
setl_000000619,pay_000000619,499.22,9.98,1.80,0.00,487.44,INR,2026-08-20,AXIS6761104130,processed
setl_000000620,pay_000000620,499.82,10.00,1.80,0.00,488.02,INR,2026-08-19,SBIN9229857657,processed
setl_000000621,pay_000000621,3499.71,69.99,12.60,0.00,3417.12,INR,2026-08-25,SBIN7532959755,processed
setl_000000622,pay_000000622,499.43,9.99,1.80,0.00,487.64,INR,2026-08-23,AXIS5936227006,processed
setl_000000623,pay_000000623,499.34,9.99,1.80,0.00,487.55,INR,2026-08-23,SBIN8979273911,processed
setl_000000624,pay_000000624,899.47,17.99,3.24,0.00,878.24,INR,2026-08-29,AXIS2298447203,processed
setl_000000625,pay_000000625,7500.64,150.01,27.00,0.00,7323.63,INR,2026-08-19,SBIN3173230664,processed
setl_000000626,pay_000000626,1999.92,40.00,7.20,0.00,1952.72,INR,2026-08-17,ICICI5263701409,processed
setl_000000627,pay_000000627,7500.05,150.00,27.00,0.00,7323.05,INR,2026-08-18,HDFC5668955416,processed
setl_000000628,pay_000000628,1999.24,39.98,7.20,0.00,1952.06,INR,2026-08-21,AXIS6196247660,processed
setl_000000629,pay_000000629,1250.35,25.01,4.50,0.00,1220.84,INR,2026-08-18,HDFC2171040915,processed
setl_000000630,pay_000000630,2000.18,40.00,7.20,0.00,1952.98,INR,2026-08-28,AXIS7654474836,processed
setl_000000631,pay_000000631,1250.03,25.00,4.50,0.00,1220.53,INR,2026-08-24,AXIS2905452099,processed
setl_000000632,pay_000000632,1250.90,25.02,4.50,0.00,1221.38,INR,2026-08-26,HDFC7126623737,processed
setl_000000633,pay_000000633,1250.11,25.00,4.50,0.00,1220.61,INR,2026-08-30,AXIS8578161787,processed
setl_000000634,pay_000000634,1999.18,39.98,7.20,0.00,1952.00,INR,2026-08-30,SBIN3020979143,processed
setl_000000635,pay_000000635,7500.62,150.01,27.00,0.00,7323.61,INR,2026-08-17,AXIS9084863137,processed
setl_000000636,pay_000000636,2000.98,40.02,7.20,0.00,1953.76,INR,2026-08-22,SBIN4632538452,processed
setl_000000637,pay_000000637,3499.71,69.99,12.60,0.00,3417.12,INR,2026-08-27,SBIN4422048585,processed
setl_000000638,pay_000000638,1999.79,40.00,7.20,0.00,1952.59,INR,2026-08-20,SBIN7831299927,processed
setl_000000639,pay_000000639,3499.69,69.99,12.60,0.00,3417.10,INR,2026-08-28,AXIS9504916685,processed
setl_000000640,pay_000000640,899.75,18.00,3.24,0.00,878.51,INR,2026-08-26,KKBK8888773421,processed
setl_000000641,pay_000000641,899.87,18.00,3.24,0.00,878.63,INR,2026-08-30,ICICI2742870683,processed
setl_000000642,pay_000000642,1250.74,25.01,4.50,0.00,1221.23,INR,2026-08-29,HDFC1388836304,processed
setl_000000643,pay_000000643,7500.25,150.00,27.00,0.00,7323.25,INR,2026-08-20,ICICI6546964238,processed
setl_000000644,pay_000000644,3499.11,69.98,12.60,0.00,3416.53,INR,2026-08-26,AXIS9317962158,processed
setl_000000645,pay_000000645,12000.06,240.00,43.20,0.00,11716.86,INR,2026-08-17,AXIS5563018598,processed
setl_000000646,pay_000000646,1999.55,39.99,7.20,0.00,1952.36,INR,2026-08-28,AXIS4718065741,processed
setl_000000647,pay_000000647,12000.27,240.01,43.20,0.00,11717.06,INR,2026-08-27,SBIN6933776673,processed
setl_000000648,pay_000000648,2000.85,40.02,7.20,0.00,1953.63,INR,2026-08-19,SBIN2792012815,processed
setl_000000649,pay_000000649,899.17,17.98,3.24,0.00,877.95,INR,2026-08-27,ICICI5252952412,processed
setl_000000650,pay_000000650,1250.58,25.01,4.50,0.00,1221.07,INR,2026-08-25,KKBK9290622669,processed
setl_000000651,pay_000000651,499.73,9.99,1.80,0.00,487.94,INR,2026-08-24,ICICI6092933720,processed
setl_000000652,pay_000000652,499.04,9.98,1.80,0.00,487.26,INR,2026-08-26,KKBK7770381816,processed
setl_000000653,pay_000000653,12000.96,240.02,43.20,0.00,11717.74,INR,2026-08-29,SBIN1343868435,processed
setl_000000654,pay_000000654,7500.80,150.02,27.00,0.00,7323.78,INR,2026-08-28,KKBK1379874179,processed
setl_000000655,pay_000000655,7500.58,150.01,27.00,0.00,7323.57,INR,2026-08-25,KKBK4343748592,processed
setl_000000656,pay_000000656,499.88,10.00,1.80,0.00,488.08,INR,2026-08-26,AXIS2242140808,processed
setl_000000657,pay_000000657,499.84,10.00,1.80,0.00,488.04,INR,2026-08-21,SBIN3483097086,processed
setl_000000658,pay_000000658,2000.32,40.01,7.20,0.00,1953.11,INR,2026-08-19,ICICI3171518770,processed
setl_000000659,pay_000000659,1250.75,25.02,4.50,0.00,1221.23,INR,2026-08-28,HDFC4184414029,processed
setl_000000660,pay_000000660,7500.23,150.00,27.00,0.00,7323.23,INR,2026-08-29,ICICI4009805180,processed
setl_000000661,pay_000000661,1250.63,25.01,4.50,0.00,1221.12,INR,2026-08-29,HDFC5154717862,processed
setl_000000662,pay_000000662,3499.06,69.98,12.60,0.00,3416.48,INR,2026-08-27,SBIN1718476143,processed
setl_000000663,pay_000000663,2000.60,40.01,7.20,0.00,1953.39,INR,2026-08-28,SBIN7007563175,processed
setl_000000664,pay_000000664,1250.67,25.01,4.50,0.00,1221.16,INR,2026-08-30,SBIN7333314020,processed
setl_000000665,pay_000000665,899.68,17.99,3.24,0.00,878.45,INR,2026-08-27,SBIN5105433614,processed
setl_000000666,pay_000000666,2000.83,40.02,7.20,0.00,1953.61,INR,2026-08-26,AXIS4445922559,processed
setl_000000667,pay_000000667,12000.43,240.01,43.20,0.00,11717.22,INR,2026-08-27,KKBK4309260670,processed
setl_000000668,pay_000000668,899.67,17.99,3.24,0.00,878.44,INR,2026-08-18,HDFC5346341182,processed
setl_000000669,pay_000000669,499.03,9.98,1.80,0.00,487.25,INR,2026-08-26,AXIS2081885552,processed
setl_000000670,pay_000000670,1250.48,25.01,4.50,100.00,1120.97,INR,2026-08-27,HDFC1515297776,processed
setl_000000671,pay_000000671,899.81,18.00,3.24,0.00,878.57,INR,2026-08-24,AXIS6560129869,processed
setl_000000672,pay_000000672,899.35,17.99,3.24,0.00,878.12,INR,2026-08-29,AXIS2105252271,processed
setl_000000673,pay_000000673,1250.56,25.01,4.50,0.00,1221.05,INR,2026-08-18,HDFC8785920419,processed
setl_000000674,pay_000000674,899.18,17.98,3.24,0.00,877.96,INR,2026-08-25,ICICI8067296442,processed
setl_000000675,pay_000000675,899.09,17.98,3.24,0.00,877.87,INR,2026-08-26,AXIS1443614797,processed
setl_000000676,pay_000000676,4999.34,99.99,18.00,0.00,4881.35,INR,2026-08-19,ICICI9752437379,processed
setl_000000677,pay_000000677,7500.55,150.01,27.00,0.00,7323.54,INR,2026-08-23,KKBK8606346821,processed
setl_000000678,pay_000000678,3499.87,70.00,12.60,0.00,3417.27,INR,2026-08-21,SBIN9553862785,processed
setl_000000679,pay_000000679,1999.22,39.98,7.20,0.00,1952.04,INR,2026-08-25,AXIS8587094479,processed
setl_000000680,pay_000000680,3499.62,69.99,12.60,0.00,3417.03,INR,2026-08-18,SBIN4850269395,processed
setl_000000681,pay_000000681,1999.62,39.99,7.20,0.00,1952.43,INR,2026-08-23,ICICI9698874738,processed
setl_000000682,pay_000000682,3499.07,69.98,12.60,0.00,3416.49,INR,2026-08-22,SBIN1070516000,processed
setl_000000683,pay_000000683,899.04,17.98,3.24,0.00,877.82,INR,2026-08-28,KKBK3488270884,processed
setl_000000684,pay_000000684,1250.01,25.00,4.50,0.00,1220.51,INR,2026-08-19,KKBK1196716790,processed
setl_000000685,pay_000000685,899.14,17.98,3.24,0.00,877.92,INR,2026-08-24,HDFC3538508163,processed
setl_000000686,pay_000000686,4999.41,99.99,18.00,0.00,4881.42,INR,2026-08-18,ICICI7125531606,processed
setl_000000687,pay_000000687,1250.42,25.01,4.50,0.00,1220.91,INR,2026-08-18,ICICI4282333775,processed
setl_000000688,pay_000000688,12000.21,240.00,43.20,0.00,11717.01,INR,2026-08-24,ICICI8285534922,processed
setl_000000689,pay_000000689,7500.10,150.00,27.00,0.00,7323.10,INR,2026-08-17,KKBK1677546830,processed
setl_000000690,pay_000000690,4999.88,100.00,18.00,0.00,4881.88,INR,2026-08-29,KKBK9104238818,processed
setl_000000691,pay_000000691,4999.30,99.99,18.00,0.00,4881.31,INR,2026-08-19,AXIS7541608271,processed
setl_000000692,pay_000000692,2000.44,40.01,7.20,0.00,1953.23,INR,2026-08-23,SBIN9967982724,processed
setl_000000693,pay_000000693,3499.97,70.00,12.60,0.00,3417.37,INR,2026-08-25,KKBK5195287460,processed
setl_000000694,pay_000000694,1999.14,39.98,7.20,0.00,1951.96,INR,2026-08-29,ICICI2187243159,processed
setl_000000695,pay_000000695,3499.36,69.99,12.60,0.00,3416.77,INR,2026-08-20,ICICI1185180108,processed
setl_000000696,pay_000000696,499.68,9.99,1.80,0.00,487.89,INR,2026-08-19,SBIN1186047172,processed
setl_000000697,pay_000000697,4999.25,99.98,18.00,0.00,4881.27,INR,2026-08-28,HDFC7785025154,processed
setl_000000698,pay_000000698,899.30,17.99,3.24,0.00,878.07,INR,2026-08-28,HDFC2400727238,processed
setl_000000699,pay_000000699,7500.06,150.00,27.00,0.00,7323.06,INR,2026-08-23,ICICI5610775014,processed
setl_000000700,pay_000000700,1999.80,40.00,7.20,0.00,1952.60,INR,2026-08-22,AXIS5880820657,processed
setl_000000701,pay_000000701,1250.14,25.00,4.50,0.00,1220.64,INR,2026-08-30,KKBK5551169498,processed
setl_000000702,pay_000000702,12000.29,240.01,43.20,0.00,11717.08,INR,2026-08-18,AXIS4889428336,processed
setl_000000703,pay_000000703,7500.35,150.01,27.00,0.00,7323.34,INR,2026-08-17,ICICI7835787787,processed
setl_000000704,pay_000000704,1250.73,25.01,4.50,0.00,1221.22,INR,2026-08-17,SBIN3488791944,processed
setl_000000706,pay_000000706,4999.27,99.99,18.00,0.00,4881.28,INR,2026-08-19,KKBK4234448365,processed
setl_000000707,pay_000000707,2000.20,40.00,7.20,0.00,1953.00,INR,2026-08-28,HDFC5363386823,processed
setl_000000708,pay_000000708,4999.23,99.98,18.00,0.00,4881.25,INR,2026-08-29,SBIN4315006135,processed
setl_000000709,pay_000000709,12000.04,240.00,43.20,0.00,11716.84,INR,2026-08-21,HDFC8261718697,processed
setl_000000710,pay_000000710,899.79,18.00,3.24,0.00,878.55,INR,2026-08-22,KKBK4412260278,processed
setl_000000711,pay_000000711,7500.79,150.02,27.00,0.00,7323.77,INR,2026-08-17,HDFC6939746472,processed
setl_000000712,pay_000000712,1250.42,25.01,4.50,0.00,1220.91,INR,2026-08-20,HDFC4322481528,processed
setl_000000713,pay_000000713,1999.41,39.99,7.20,0.00,1952.22,INR,2026-08-22,KKBK4018690355,processed
setl_000000714,pay_000000714,7500.62,150.01,27.00,0.00,7323.61,INR,2026-08-25,HDFC6896190289,processed
setl_000000715,pay_000000715,3499.86,70.00,12.60,0.00,3417.26,INR,2026-08-28,KKBK6550233140,processed
setl_000000716,pay_000000716,2000.09,40.00,7.20,0.00,1952.89,INR,2026-08-18,SBIN4856648111,processed
setl_000000717,pay_000000717,4999.87,100.00,18.00,0.00,4881.87,INR,2026-08-25,SBIN5392421278,processed
setl_000000718,pay_000000718,899.02,17.98,3.24,0.00,877.80,INR,2026-08-30,HDFC2252055106,processed
setl_000000719,pay_000000719,7500.75,150.02,27.00,0.00,7323.73,INR,2026-08-27,AXIS8674352222,processed
setl_000000720,pay_000000720,1250.33,25.01,4.50,0.00,1220.82,INR,2026-08-20,KKBK8685192265,processed
setl_000000721,pay_000000721,2000.58,40.01,7.20,0.00,1953.37,INR,2026-08-19,HDFC5932075590,processed
setl_000000722,pay_000000722,1250.30,25.01,4.50,0.00,1220.79,INR,2026-08-18,AXIS4412168053,processed
setl_000000723,pay_000000723,12000.90,240.02,43.20,0.00,11717.68,INR,2026-08-17,AXIS1792406808,processed
setl_000000724,pay_000000724,499.51,9.99,1.80,0.00,487.72,INR,2026-08-24,SBIN2295189353,processed
setl_000000725,pay_000000725,7500.37,150.01,27.00,0.00,7323.36,INR,2026-08-29,KKBK8324857808,processed
setl_000000726,pay_000000726,12000.14,240.00,43.20,0.00,11716.94,INR,2026-08-21,SBIN1172146239,processed
setl_000000727,pay_000000727,1999.74,39.99,7.20,0.00,1952.55,INR,2026-08-25,HDFC2401733322,processed
setl_000000728,pay_000000728,1999.62,39.99,7.20,0.00,1952.43,INR,2026-08-22,HDFC7493077954,processed
setl_000000729,pay_000000729,4999.47,99.99,18.00,0.00,4881.48,INR,2026-08-23,AXIS2707498619,processed
setl_000000730,pay_000000730,7500.94,150.02,27.00,0.00,7323.92,INR,2026-08-23,SBIN1376233267,processed
setl_000000731,pay_000000731,899.18,17.98,3.24,0.00,877.96,INR,2026-08-20,SBIN2778948768,processed
setl_000000732,pay_000000732,899.00,17.98,3.24,0.00,877.78,INR,2026-08-23,KKBK8542452431,processed
setl_000000733,pay_000000733,1999.23,39.98,7.20,0.00,1952.05,INR,2026-08-30,KKBK4929345815,processed
setl_000000734,pay_000000734,12000.94,240.02,43.20,0.00,11717.72,INR,2026-08-24,AXIS6600269620,processed
setl_000000735,pay_000000735,2000.53,40.01,7.20,0.00,1953.32,INR,2026-08-19,AXIS3029548895,processed
setl_000000736,pay_000000736,3499.74,69.99,12.60,0.00,3417.15,INR,2026-08-24,AXIS5168804062,processed
setl_000000737,pay_000000737,3499.65,69.99,12.60,0.00,3417.06,INR,2026-08-28,SBIN4514489277,processed
setl_000000738,pay_000000738,7500.88,150.02,27.00,0.00,7323.86,INR,2026-08-19,HDFC5922621459,processed
setl_000000739,pay_000000739,499.37,9.99,1.80,0.00,487.58,INR,2026-08-21,SBIN9397332616,processed
setl_000000740,pay_000000740,1250.69,25.01,4.50,0.00,1221.18,INR,2026-08-22,ICICI4284315878,processed
setl_000000741,pay_000000741,1250.01,25.00,4.50,0.00,1220.51,INR,2026-08-19,AXIS7786248655,processed
setl_000000742,pay_000000742,899.27,17.99,3.24,0.00,878.04,INR,2026-08-19,SBIN4911804606,processed
setl_000000743,pay_000000743,7500.09,150.00,27.00,0.00,7323.09,INR,2026-08-18,KKBK5784450697,processed
setl_000000744,pay_000000744,1250.56,25.01,4.50,0.00,1221.05,INR,2026-08-26,AXIS8263007482,processed
setl_000000745,pay_000000745,899.28,17.99,3.24,0.00,878.05,INR,2026-08-19,AXIS9713455851,processed
setl_000000746,pay_000000746,899.09,17.98,3.24,0.00,877.87,INR,2026-08-17,ICICI5632573038,processed
setl_000000747,pay_000000747,7500.15,150.00,27.00,0.00,7323.15,INR,2026-08-21,HDFC3547672267,processed
setl_000000748,pay_000000748,1999.75,40.00,7.20,0.00,1952.55,INR,2026-08-20,HDFC4360257078,processed
setl_000000749,pay_000000749,3499.45,69.99,12.60,0.00,3416.86,INR,2026-08-19,ICICI9340160676,processed
setl_000000750,pay_000000750,1999.91,40.00,7.20,0.00,1952.71,INR,2026-08-20,HDFC9649996737,processed
setl_000000751,pay_000000751,12000.90,240.02,43.20,0.00,11717.68,INR,2026-08-24,HDFC4969546654,processed
setl_000000752,pay_000000752,1999.65,39.99,7.20,0.00,1952.46,INR,2026-08-20,HDFC6925401543,processed
setl_000000753,pay_000000753,7500.97,150.02,27.00,0.00,7323.95,INR,2026-08-22,HDFC3232212989,processed
setl_000000754,pay_000000754,2000.58,40.01,7.20,0.00,1953.37,INR,2026-08-26,SBIN5791992101,processed
setl_000000755,pay_000000755,1999.08,39.98,7.20,0.00,1951.90,INR,2026-08-30,SBIN8968734873,processed
setl_000000756,pay_000000756,4999.56,99.99,18.00,0.00,4881.57,INR,2026-08-25,SBIN3886628103,processed
setl_000000757,pay_000000757,899.46,17.99,3.24,0.00,878.23,INR,2026-08-20,SBIN5199848083,processed
setl_000000758,pay_000000758,2000.97,40.02,7.20,0.00,1953.75,INR,2026-08-28,SBIN8409679733,processed
setl_000000759,pay_000000759,4999.62,99.99,18.00,0.00,4881.63,INR,2026-08-25,SBIN6824393594,processed
setl_000000760,pay_000000760,1999.80,40.00,7.20,0.00,1952.60,INR,2026-08-19,AXIS7396672521,processed
setl_000000761,pay_000000761,1250.48,25.01,4.50,0.00,1220.97,INR,2026-08-26,SBIN3912449281,processed
setl_000000762,pay_000000762,12000.98,240.02,43.20,0.00,11717.76,INR,2026-08-24,KKBK9918573705,processed
setl_000000763,pay_000000763,12000.43,240.01,43.20,0.00,11717.22,INR,2026-08-29,SBIN7463044261,processed
setl_000000764,pay_000000764,899.49,17.99,3.24,250.00,628.26,INR,2026-08-24,HDFC9550041076,processed
setl_000000765,pay_000000765,1250.62,25.01,4.50,0.00,1221.11,INR,2026-08-23,HDFC8642389509,processed
setl_000000766,pay_000000766,12000.20,240.00,43.20,0.00,11717.00,INR,2026-08-25,HDFC7312821876,processed
setl_000000767,pay_000000767,3499.07,69.98,12.60,0.00,3416.49,INR,2026-08-17,SBIN9494513064,processed
setl_000000768,pay_000000768,3499.48,69.99,12.60,0.00,3416.89,INR,2026-08-18,AXIS3508119100,processed
setl_000000769,pay_000000769,1999.30,39.99,7.20,0.00,1952.11,INR,2026-08-27,HDFC3840004195,processed
setl_000000770,pay_000000770,899.43,17.99,3.24,0.00,878.20,INR,2026-08-19,HDFC9027036016,processed
setl_000000771,pay_000000771,2000.02,40.00,7.20,0.00,1952.82,INR,2026-08-28,SBIN9166493111,processed
setl_000000773,pay_000000773,1250.78,25.02,4.50,0.00,1221.26,INR,2026-08-21,KKBK8161375037,processed
setl_000000774,pay_000000774,2000.33,40.01,7.20,0.00,1953.12,INR,2026-08-17,HDFC3301389619,processed
setl_000000775,pay_000000775,899.75,18.00,3.24,0.00,878.51,INR,2026-08-22,KKBK9984890483,processed
setl_000000776,pay_000000776,2000.64,40.01,7.20,0.00,1953.43,INR,2026-08-29,AXIS4417298242,processed
setl_000000777,pay_000000777,12000.23,240.00,43.20,0.00,11717.03,INR,2026-08-17,SBIN7508461289,processed
setl_000000778,pay_000000778,2000.81,40.02,7.20,0.00,1953.59,INR,2026-08-25,ICICI9324088968,processed
setl_000000779,pay_000000779,3499.59,69.99,12.60,500.00,2917.00,INR,2026-08-19,HDFC3243130794,processed
setl_000000780,pay_000000780,1999.52,39.99,7.20,0.00,1952.33,INR,2026-08-21,SBIN9866648716,processed
setl_000000781,pay_000000781,1999.14,39.98,7.20,0.00,1951.96,INR,2026-08-19,KKBK6309137211,processed
setl_000000782,pay_000000782,12000.55,240.01,43.20,0.00,11717.34,INR,2026-08-23,AXIS7288518038,processed
setl_000000783,pay_000000783,2000.35,40.01,7.20,0.00,1953.14,INR,2026-08-27,AXIS1585965093,processed
setl_000000784,pay_000000784,499.10,9.98,1.80,0.00,487.32,INR,2026-08-22,SBIN4359668379,processed
setl_000000785,pay_000000785,899.50,17.99,3.24,0.00,878.27,INR,2026-08-30,SBIN9146579068,processed
setl_000000786,pay_000000786,899.30,17.99,3.24,0.00,878.07,INR,2026-08-26,KKBK6376474657,processed
setl_000000787,pay_000000787,1999.54,39.99,7.20,0.00,1952.35,INR,2026-08-20,KKBK8461373338,processed
setl_000000788,pay_000000788,2000.75,40.02,7.20,0.00,1953.53,INR,2026-08-17,AXIS7182499837,processed
setl_000000789,pay_000000789,1999.35,39.99,7.20,0.00,1952.16,INR,2026-08-29,HDFC7115094199,processed
setl_000000790,pay_000000790,499.94,10.00,1.80,0.00,488.14,INR,2026-08-27,AXIS9680447616,processed
setl_000000791,pay_000000791,7500.49,150.01,27.00,0.00,7323.48,INR,2026-08-17,SBIN4723534498,processed
setl_000000792,pay_000000792,1250.56,25.01,4.50,0.00,1221.05,INR,2026-08-27,ICICI2277421636,processed
setl_000000793,pay_000000793,7500.60,150.01,27.00,0.00,7323.59,INR,2026-08-28,AXIS4721351171,processed
setl_000000794,pay_000000794,2000.64,40.01,7.20,0.00,1953.43,INR,2026-08-18,HDFC4540774757,processed
setl_000000795,pay_000000795,1250.80,25.02,4.50,0.00,1221.28,INR,2026-08-24,HDFC4272659618,processed
setl_000000796,pay_000000796,1250.31,25.01,4.50,0.00,1220.80,INR,2026-08-25,AXIS1353183979,processed
setl_000000797,pay_000000797,7500.94,150.02,27.00,0.00,7323.92,INR,2026-08-19,SBIN6666776123,processed
setl_000000798,pay_000000798,3499.23,69.98,12.60,0.00,3416.65,INR,2026-08-23,ICICI5657458027,processed
setl_000000799,pay_000000799,899.59,17.99,3.24,0.00,878.36,INR,2026-08-20,HDFC3691344010,processed
setl_000000800,pay_000000800,899.47,17.99,3.24,0.00,878.24,INR,2026-08-19,KKBK2117369169,processed
setl_000000801,pay_000000801,7500.15,150.00,27.00,0.00,7323.15,INR,2026-08-20,SBIN9281920454,processed
setl_000000802,pay_000000802,4999.26,99.99,18.00,0.00,4881.27,INR,2026-08-26,SBIN2640993275,processed
setl_000000803,pay_000000803,4999.18,99.98,18.00,0.00,4881.20,INR,2026-08-17,ICICI2796717941,processed
setl_000000804,pay_000000804,499.60,9.99,1.80,0.00,487.81,INR,2026-08-19,ICICI2967799880,processed
setl_000000805,pay_000000805,2000.09,40.00,7.20,0.00,1952.89,INR,2026-08-18,SBIN8337750465,processed
setl_000000806,pay_000000806,499.32,9.99,1.80,0.00,487.53,INR,2026-08-25,ICICI4478291959,processed
setl_000000807,pay_000000807,1250.33,25.01,4.50,0.00,1220.82,INR,2026-08-19,AXIS9766565058,processed
setl_000000808,pay_000000808,12000.55,240.01,43.20,0.00,11717.34,INR,2026-08-19,ICICI5680002451,processed
setl_000000809,pay_000000809,2000.78,40.02,7.20,0.00,1953.56,INR,2026-08-30,ICICI7142172699,processed
setl_000000810,pay_000000810,1250.71,25.01,4.50,0.00,1221.20,INR,2026-08-30,ICICI9566591713,processed
setl_000000811,pay_000000811,1250.04,25.00,4.50,0.00,1220.54,INR,2026-08-24,ICICI1234364203,processed
setl_000000812,pay_000000812,3499.90,70.00,12.60,0.00,3417.30,INR,2026-08-25,SBIN5470166352,processed
setl_000000813,pay_000000813,899.26,17.99,3.24,0.00,878.03,INR,2026-08-30,ICICI5826058207,processed
setl_000000814,pay_000000814,1250.53,25.01,4.50,0.00,1221.02,INR,2026-08-18,AXIS9607654443,processed
setl_000000815,pay_000000815,899.50,17.99,3.24,0.00,878.27,INR,2026-08-22,AXIS5406473964,processed
setl_000000816,pay_000000816,7500.90,150.02,27.00,0.00,7323.88,INR,2026-08-27,ICICI1124015059,processed
setl_000000817,pay_000000817,7500.41,150.01,27.00,0.00,7323.40,INR,2026-08-28,HDFC9778256009,processed
setl_000000818,pay_000000818,899.70,17.99,3.24,0.00,878.47,INR,2026-08-26,AXIS9828455687,processed
setl_000000819,pay_000000819,899.02,17.98,3.24,0.00,877.80,INR,2026-08-30,ICICI9012328127,processed
setl_000000820,pay_000000820,2000.62,40.01,7.20,0.00,1953.41,INR,2026-08-29,AXIS1662003357,processed
setl_000000821,pay_000000821,899.47,17.99,3.24,0.00,878.24,INR,2026-08-25,KKBK5858839243,processed
setl_000000822,pay_000000822,899.96,18.00,3.24,0.00,878.72,INR,2026-08-23,KKBK7873411172,processed
setl_000000823,pay_000000823,12000.43,240.01,43.20,0.00,11717.22,INR,2026-08-24,SBIN1399206328,processed
setl_000000824,pay_000000824,2000.59,40.01,7.20,250.00,1703.38,INR,2026-08-23,KKBK3253473926,processed
setl_000000825,pay_000000825,499.70,9.99,1.80,0.00,487.91,INR,2026-08-18,ICICI7132061410,processed
setl_000000826,pay_000000826,2000.45,40.01,7.20,0.00,1953.24,INR,2026-08-21,SBIN5700774530,processed
setl_000000827,pay_000000827,899.53,17.99,3.24,0.00,878.30,INR,2026-08-28,SBIN2687738937,processed
setl_000000828,pay_000000828,1250.27,25.01,4.50,0.00,1220.76,INR,2026-08-19,SBIN6433453122,processed
setl_000000829,pay_000000829,4999.14,99.98,18.00,0.00,4881.16,INR,2026-08-17,HDFC1076945301,processed
setl_000000830,pay_000000830,3499.88,70.00,12.60,0.00,3417.28,INR,2026-08-27,SBIN7385424494,processed
setl_000000831,pay_000000831,899.02,17.98,3.24,0.00,877.80,INR,2026-08-28,ICICI1059596634,processed
setl_000000832,pay_000000832,4999.80,100.00,18.00,0.00,4881.80,INR,2026-08-30,ICICI3790611308,processed
setl_000000833,pay_000000833,4999.02,99.98,18.00,0.00,4881.04,INR,2026-08-18,SBIN5931333903,processed
setl_000000834,pay_000000834,7500.02,150.00,27.00,0.00,7323.02,INR,2026-08-30,SBIN9434743977,processed
setl_000000835,pay_000000835,3499.01,69.98,12.60,0.00,3416.43,INR,2026-08-18,KKBK2682482133,processed
setl_000000836,pay_000000836,7500.51,150.01,27.00,0.00,7323.50,INR,2026-08-24,SBIN2248867120,processed
setl_000000837,pay_000000837,4999.73,99.99,18.00,0.00,4881.74,INR,2026-08-22,HDFC3269069059,processed
setl_000000838,pay_000000838,899.63,17.99,3.24,0.00,878.40,INR,2026-08-26,SBIN9113797058,processed
setl_000000839,pay_000000839,1999.60,39.99,7.20,0.00,1952.41,INR,2026-08-22,HDFC5987889148,processed
setl_000000840,pay_000000840,2000.92,40.02,7.20,0.00,1953.70,INR,2026-08-28,AXIS3012051673,processed
setl_000000841,pay_000000841,2000.88,40.02,7.20,0.00,1953.66,INR,2026-08-28,ICICI3670792703,processed
setl_000000842,pay_000000842,4999.63,99.99,18.00,0.00,4881.64,INR,2026-08-21,ICICI3113921661,processed
setl_000000843,pay_000000843,3499.86,70.00,12.60,0.00,3417.26,INR,2026-08-19,AXIS9078430211,processed
setl_000000843_b,pay_000000843,3499.86,70.00,12.60,0.00,3417.26,INR,2026-08-19,AXIS9078430211B,processed
setl_000000844,pay_000000844,1999.15,39.98,7.20,0.00,1951.97,INR,2026-08-25,AXIS2849500820,processed
setl_000000845,pay_000000845,12000.34,240.01,43.20,0.00,11717.13,INR,2026-08-19,AXIS4304435774,processed
setl_000000845_b,pay_000000845,12000.34,240.01,43.20,0.00,11717.13,INR,2026-08-19,AXIS4304435774B,processed
setl_000000846,pay_000000846,899.13,17.98,3.24,0.00,877.91,INR,2026-08-29,SBIN8726589846,processed
setl_000000847,pay_000000847,1250.80,25.02,4.50,0.00,1221.28,INR,2026-08-18,HDFC3178861531,processed
setl_000000848,pay_000000848,12000.63,240.01,43.20,0.00,11717.42,INR,2026-08-28,AXIS8336505786,processed
setl_000000849,pay_000000849,4999.98,100.00,18.00,0.00,4881.98,INR,2026-08-29,ICICI6162079678,processed
setl_000000850,pay_000000850,2000.47,40.01,7.20,0.00,1953.26,INR,2026-08-28,KKBK1735563832,processed
setl_000000851,pay_000000851,4999.52,99.99,18.00,0.00,4881.53,INR,2026-08-23,KKBK1980034265,processed
setl_000000852,pay_000000852,12000.08,240.00,43.20,250.00,11466.88,INR,2026-08-18,SBIN9632663990,processed
setl_000000853,pay_000000853,1250.73,25.01,4.50,0.00,1221.22,INR,2026-08-17,SBIN4260706483,processed
setl_000000854,pay_000000854,3499.44,69.99,12.60,0.00,3416.85,INR,2026-08-17,KKBK9046820375,processed
setl_000000855,pay_000000855,12000.79,240.02,43.20,0.00,11717.57,INR,2026-08-29,SBIN3765440737,processed
setl_000000856,pay_000000856,2000.10,40.00,7.20,0.00,1952.90,INR,2026-08-17,SBIN4330319077,processed
setl_000000857,pay_000000857,1999.11,39.98,7.20,0.00,1951.93,INR,2026-08-25,ICICI7617643635,processed
setl_000000858,pay_000000858,12000.75,240.02,43.20,0.00,11717.53,INR,2026-08-21,ICICI1100595644,processed
setl_000000859,pay_000000859,12000.45,240.01,43.20,0.00,11717.24,INR,2026-08-18,KKBK6896899328,processed
setl_000000860,pay_000000860,7500.43,150.01,27.00,0.00,7323.42,INR,2026-08-20,KKBK4164784001,processed
setl_000000861,pay_000000861,899.41,17.99,3.24,0.00,878.18,INR,2026-08-25,AXIS4167591308,processed
setl_000000862,pay_000000862,4999.10,99.98,18.00,0.00,4881.12,INR,2026-08-18,ICICI8351439626,processed
setl_000000863,pay_000000863,12000.51,240.01,43.20,0.00,11717.30,INR,2026-08-26,SBIN5630286975,processed
setl_000000864,pay_000000864,1250.18,25.00,4.50,0.00,1220.68,INR,2026-08-25,KKBK9475140777,processed
setl_000000865,pay_000000865,7500.04,150.00,27.00,0.00,7323.04,INR,2026-08-28,KKBK6208260061,processed
setl_000000866,pay_000000866,899.47,17.99,3.24,0.00,878.24,INR,2026-08-26,HDFC2755008946,processed
setl_000000867,pay_000000867,7500.03,150.00,27.00,0.00,7323.03,INR,2026-08-29,AXIS6597459437,processed
setl_000000868,pay_000000868,1999.23,39.98,7.20,0.00,1952.05,INR,2026-08-30,AXIS9113438941,processed
setl_000000869,pay_000000869,4999.61,99.99,18.00,0.00,4881.62,INR,2026-08-26,HDFC4738453527,processed
setl_000000870,pay_000000870,1250.64,25.01,4.50,0.00,1221.13,INR,2026-08-27,SBIN3601503399,processed
setl_000000871,pay_000000871,4999.29,99.99,18.00,0.00,4881.30,INR,2026-08-23,AXIS7973263691,processed
setl_000000872,pay_000000872,899.21,17.98,3.24,0.00,877.99,INR,2026-08-28,SBIN8455688681,processed
setl_000000873,pay_000000873,12000.73,240.01,43.20,0.00,11717.52,INR,2026-08-29,HDFC1365725210,processed
setl_000000874,pay_000000874,899.84,18.00,3.24,0.00,878.60,INR,2026-08-25,KKBK4852002754,processed
setl_000000875,pay_000000875,899.68,17.99,3.24,0.00,878.45,INR,2026-08-26,ICICI7784127397,processed
setl_000000876,pay_000000876,1250.53,25.01,4.50,0.00,1221.02,INR,2026-08-17,HDFC6755069588,processed
setl_000000877,pay_000000877,12000.21,240.00,43.20,0.00,11717.01,INR,2026-08-21,HDFC5208149330,processed
setl_000000878,pay_000000878,3499.23,69.98,12.60,0.00,3416.65,INR,2026-08-17,ICICI1726670039,processed
setl_000000879,pay_000000879,4999.15,99.98,18.00,0.00,4881.17,INR,2026-08-17,ICICI6687472117,processed
setl_000000880,pay_000000880,499.40,9.99,1.80,0.00,487.61,INR,2026-08-24,KKBK5789238017,processed
setl_000000881,pay_000000881,499.34,9.99,1.80,0.00,487.55,INR,2026-08-25,SBIN3721039153,processed
setl_000000882,pay_000000882,4999.57,99.99,18.00,0.00,4881.58,INR,2026-08-18,KKBK5834292116,processed
setl_000000883,pay_000000883,1999.68,39.99,7.20,0.00,1952.49,INR,2026-08-23,ICICI5231868728,processed
setl_000000884,pay_000000884,1250.00,25.00,4.50,0.00,1220.50,INR,2026-08-17,SBIN7960982010,processed
setl_000000885,pay_000000885,1999.74,39.99,7.20,0.00,1952.55,INR,2026-08-30,SBIN9586678451,processed
setl_000000886,pay_000000886,2000.11,40.00,7.20,0.00,1952.91,INR,2026-08-23,KKBK3418416972,processed
setl_000000887,pay_000000887,1999.78,40.00,7.20,0.00,1952.58,INR,2026-08-25,AXIS9067148137,processed
setl_000000888,pay_000000888,3499.43,69.99,12.60,0.00,3416.84,INR,2026-08-20,SBIN2172582522,processed
setl_000000889,pay_000000889,7500.00,150.00,27.00,0.00,7323.00,INR,2026-08-17,ICICI9598728606,processed
setl_000000890,pay_000000890,12000.10,240.00,43.20,0.00,11716.90,INR,2026-08-29,SBIN8569730580,processed
setl_000000891,pay_000000891,3499.48,69.99,12.60,0.00,3416.89,INR,2026-08-30,SBIN3887274233,processed
setl_000000892,pay_000000892,3499.24,69.98,12.60,0.00,3416.66,INR,2026-08-24,HDFC5830824012,processed
setl_000000893,pay_000000893,2000.91,40.02,7.20,0.00,1953.69,INR,2026-08-20,AXIS1822536398,processed
setl_000000894,pay_000000894,1999.81,40.00,7.20,0.00,1952.61,INR,2026-08-23,SBIN1898018927,processed
setl_000000895,pay_000000895,1250.95,25.02,4.50,0.00,1221.43,INR,2026-08-18,SBIN1753890647,processed
setl_000000896,pay_000000896,12000.78,240.02,43.20,0.00,11717.56,INR,2026-08-21,AXIS3911896416,processed
setl_000000897,pay_000000897,4999.52,99.99,18.00,0.00,4881.53,INR,2026-08-21,SBIN9326907907,processed
setl_000000898,pay_000000898,1999.06,39.98,7.20,0.00,1951.88,INR,2026-08-21,KKBK4259973452,processed
setl_000000899,pay_000000899,899.73,17.99,3.24,0.00,878.50,INR,2026-08-29,SBIN6130802891,processed
setl_000000900,pay_000000900,1999.25,39.98,7.20,0.00,1952.07,INR,2026-08-19,SBIN5113615245,processed
setl_000000901,pay_000000901,3499.32,69.99,12.60,0.00,3416.73,INR,2026-08-20,SBIN4470587327,processed
setl_000000902,pay_000000902,12000.30,240.01,43.20,0.00,11717.09,INR,2026-08-18,HDFC8823857581,processed
setl_000000903,pay_000000903,899.07,17.98,3.24,0.00,877.85,INR,2026-08-17,SBIN3486504625,processed
setl_000000904,pay_000000904,2000.78,40.02,7.20,0.00,1953.56,INR,2026-08-27,HDFC2898025111,processed
setl_000000905,pay_000000905,4999.51,99.99,18.00,0.00,4881.52,INR,2026-08-18,KKBK5519178084,processed
setl_000000906,pay_000000906,7500.49,150.01,27.00,0.00,7323.48,INR,2026-08-24,KKBK3680094643,processed
setl_000000907,pay_000000907,899.01,17.98,3.24,0.00,877.79,INR,2026-08-26,HDFC1826700966,processed
setl_000000908,pay_000000908,4999.61,99.99,18.00,0.00,4881.62,INR,2026-08-28,ICICI6395707726,processed
setl_000000909,pay_000000909,2000.74,40.01,7.20,0.00,1953.53,INR,2026-08-23,HDFC1259807661,processed
setl_000000910,pay_000000910,1250.60,25.01,4.50,0.00,1221.09,INR,2026-08-21,KKBK4330728529,processed
setl_000000911,pay_000000911,1999.64,39.99,7.20,0.00,1952.45,INR,2026-08-30,HDFC1621053924,processed
setl_000000912,pay_000000912,1999.08,39.98,7.20,0.00,1951.90,INR,2026-08-22,ICICI5194081855,processed
setl_000000913,pay_000000913,2000.53,40.01,7.20,0.00,1953.32,INR,2026-08-22,SBIN9431299488,processed
setl_000000914,pay_000000914,499.81,10.00,1.80,0.00,488.01,INR,2026-08-20,HDFC3130006033,processed
setl_000000915,pay_000000915,4999.23,99.98,18.00,0.00,4881.25,INR,2026-08-30,AXIS2614528899,processed
setl_000000916,pay_000000916,1250.37,25.01,4.50,0.00,1220.86,INR,2026-08-24,HDFC3382382306,processed
setl_000000917,pay_000000917,2000.22,40.00,7.20,0.00,1953.02,INR,2026-08-20,HDFC1855226225,processed
setl_000000918,pay_000000918,1999.02,39.98,7.20,0.00,1951.84,INR,2026-08-19,KKBK2056408479,processed
setl_000000919,pay_000000919,1999.39,39.99,7.20,0.00,1952.20,INR,2026-08-24,ICICI5771575572,processed
setl_000000920,pay_000000920,899.15,17.98,3.24,0.00,877.93,INR,2026-08-19,KKBK9081684463,processed
setl_000000921,pay_000000921,3499.76,70.00,12.60,0.00,3417.16,INR,2026-08-23,SBIN8277194571,processed
setl_000000922,pay_000000922,1250.41,25.01,4.50,0.00,1220.90,INR,2026-08-20,KKBK7594786332,processed
setl_000000923,pay_000000923,1999.93,40.00,7.20,0.00,1952.73,INR,2026-08-18,KKBK9099596606,processed
setl_000000924,pay_000000924,7500.66,150.01,27.00,0.00,7323.65,INR,2026-08-24,SBIN7481786488,processed
setl_000000925,pay_000000925,2000.74,40.01,7.20,0.00,1953.53,INR,2026-08-23,SBIN7420082849,processed
setl_000000926,pay_000000926,1999.39,39.99,7.20,0.00,1952.20,INR,2026-08-23,ICICI6301641456,processed
setl_000000927,pay_000000927,899.37,17.99,3.24,100.00,778.14,INR,2026-08-24,AXIS1364036788,processed
setl_000000928,pay_000000928,7500.59,150.01,27.00,0.00,7323.58,INR,2026-08-23,KKBK6739682547,processed
setl_000000929,pay_000000929,7500.29,150.01,27.00,0.00,7323.28,INR,2026-08-21,SBIN1106163845,processed
setl_000000930,pay_000000930,2000.29,40.01,7.20,0.00,1953.08,INR,2026-08-18,AXIS3764474604,processed
setl_000000931,pay_000000931,2000.95,40.02,7.20,0.00,1953.73,INR,2026-08-30,AXIS6709047877,processed
setl_000000932,pay_000000932,12000.33,240.01,43.20,0.00,11717.12,INR,2026-08-17,KKBK5286358927,processed
setl_000000933,pay_000000933,499.60,9.99,1.80,0.00,487.81,INR,2026-08-27,SBIN9357211829,processed
setl_000000934,pay_000000934,7500.29,150.01,27.00,0.00,7323.28,INR,2026-08-25,ICICI4217519234,processed
setl_000000935,pay_000000935,1999.54,39.99,7.20,0.00,1952.35,INR,2026-08-29,SBIN5663801308,processed
setl_000000936,pay_000000936,1250.73,25.01,4.50,0.00,1221.22,INR,2026-08-30,KKBK5424263300,processed
setl_000000937,pay_000000937,4999.54,99.99,18.00,0.00,4881.55,INR,2026-08-27,AXIS2459525419,processed
setl_000000938,pay_000000938,3499.72,69.99,12.60,0.00,3417.13,INR,2026-08-27,HDFC1597579155,processed
setl_000000939,pay_000000939,899.68,17.99,3.24,0.00,878.45,INR,2026-08-23,ICICI9369571318,processed
setl_000000940,pay_000000940,1250.13,25.00,4.50,0.00,1220.63,INR,2026-08-27,SBIN2308442317,processed
setl_000000941,pay_000000941,1250.25,25.00,4.50,0.00,1220.75,INR,2026-08-18,KKBK3098578259,processed
setl_000000942,pay_000000942,499.47,9.99,1.80,0.00,487.68,INR,2026-08-25,KKBK5595526656,processed
setl_000000943,pay_000000943,899.16,17.98,3.24,0.00,877.94,INR,2026-08-25,SBIN2679784362,processed
setl_000000944,pay_000000944,4999.90,100.00,18.00,0.00,4881.90,INR,2026-08-27,ICICI6178343325,processed
setl_000000945,pay_000000945,1999.00,39.98,7.20,0.00,1951.82,INR,2026-08-19,KKBK7266170179,processed
setl_000000946,pay_000000946,7500.58,150.01,27.00,0.00,7323.57,INR,2026-08-24,ICICI7553503798,processed
setl_000000947,pay_000000947,4999.78,100.00,18.00,0.00,4881.78,INR,2026-08-30,SBIN8698070838,processed
setl_000000948,pay_000000948,7500.49,150.01,27.00,0.00,7323.48,INR,2026-08-27,KKBK8444226103,processed
setl_000000949,pay_000000949,2000.80,40.02,7.20,0.00,1953.58,INR,2026-08-25,HDFC4738939076,processed
setl_000000950,pay_000000950,4999.97,100.00,18.00,0.00,4881.97,INR,2026-08-25,ICICI9197960727,processed
setl_000000951,pay_000000951,7500.21,150.00,27.00,0.00,7323.21,INR,2026-08-21,KKBK6695183060,processed
setl_000000952,pay_000000952,3499.95,70.00,12.60,0.00,3417.35,INR,2026-08-23,HDFC7278829740,processed
setl_000000953,pay_000000953,7500.62,150.01,27.00,0.00,7323.61,INR,2026-08-24,HDFC5881146883,processed
setl_000000954,pay_000000954,2000.20,40.00,7.20,0.00,1953.00,INR,2026-08-19,SBIN5897361184,processed
setl_000000955,pay_000000955,899.85,18.00,3.24,0.00,878.61,INR,2026-08-29,HDFC2678685838,processed
setl_000000956,pay_000000956,499.86,10.00,1.80,0.00,488.06,INR,2026-08-25,AXIS1764247480,processed
setl_000000957,pay_000000957,4999.88,100.00,18.00,0.00,4881.88,INR,2026-08-21,KKBK4852628125,processed
setl_000000958,pay_000000958,1999.47,39.99,7.20,0.00,1952.28,INR,2026-08-20,SBIN4294730573,processed
setl_000000959,pay_000000959,1999.12,39.98,7.20,0.00,1951.94,INR,2026-08-29,HDFC3873116056,processed
setl_000000960,pay_000000960,12000.80,240.02,43.20,0.00,11717.58,INR,2026-08-20,KKBK6700029200,processed
setl_000000961,pay_000000961,899.45,17.99,3.24,250.00,628.22,INR,2026-08-22,HDFC1998185368,processed
setl_000000962,pay_000000962,899.84,18.00,3.24,0.00,878.60,INR,2026-08-30,ICICI2970427638,processed
setl_000000963,pay_000000963,7500.13,150.00,27.00,0.00,7323.13,INR,2026-08-28,ICICI7060614764,processed
setl_000000964,pay_000000964,4999.86,100.00,18.00,0.00,4881.86,INR,2026-08-29,HDFC7871377065,processed
setl_000000965,pay_000000965,899.42,17.99,3.24,0.00,878.19,INR,2026-08-17,AXIS8157007197,processed
setl_000000966,pay_000000966,499.78,10.00,1.80,0.00,487.98,INR,2026-08-29,ICICI1057087328,processed
setl_000000967,pay_000000967,499.17,9.98,1.80,0.00,487.39,INR,2026-08-22,ICICI3661875683,processed
setl_000000968,pay_000000968,1999.92,40.00,7.20,0.00,1952.72,INR,2026-08-26,ICICI3757536074,processed
setl_000000969,pay_000000969,12000.53,240.01,43.20,0.00,11717.32,INR,2026-08-27,AXIS4266296360,processed
setl_000000970,pay_000000970,1999.69,39.99,7.20,0.00,1952.50,INR,2026-08-17,AXIS2472007336,processed
setl_000000971,pay_000000971,1250.56,25.01,4.50,0.00,1221.05,INR,2026-08-27,SBIN7534672190,processed
setl_000000972,pay_000000972,1250.26,25.01,4.50,0.00,1220.75,INR,2026-08-19,ICICI9813731840,processed
setl_000000973,pay_000000973,1250.92,25.02,4.50,0.00,1221.40,INR,2026-08-20,HDFC7301035934,processed
setl_000000974,pay_000000974,2000.61,40.01,7.20,0.00,1953.40,INR,2026-08-18,AXIS3729897436,processed
setl_000000975,pay_000000975,4999.54,99.99,18.00,0.00,4881.55,INR,2026-08-30,SBIN3070177372,processed
setl_000000976,pay_000000976,4999.59,99.99,18.00,0.00,4881.60,INR,2026-08-21,ICICI6049590132,processed
setl_000000977,pay_000000977,1250.91,25.02,4.50,0.00,1221.39,INR,2026-08-24,SBIN5603945749,processed
setl_000000978,pay_000000978,4999.53,99.99,18.00,0.00,4881.54,INR,2026-08-23,KKBK6902392354,processed
setl_000000979,pay_000000979,499.15,9.98,1.80,0.00,487.37,INR,2026-08-23,KKBK5600916521,processed
setl_000000980,pay_000000980,3499.89,70.00,12.60,0.00,3417.29,INR,2026-08-17,AXIS8340650878,processed
setl_000000981,pay_000000981,3499.80,70.00,12.60,0.00,3417.20,INR,2026-08-28,ICICI3051815663,processed
setl_000000982,pay_000000982,1999.77,40.00,7.20,0.00,1952.57,INR,2026-08-26,SBIN5927905410,processed
setl_000000983,pay_000000983,4999.90,100.00,18.00,0.00,4881.90,INR,2026-08-26,HDFC9232949182,processed
setl_000000984,pay_000000984,2000.88,40.02,7.20,0.00,1953.66,INR,2026-08-21,ICICI8858714543,processed
setl_000000985,pay_000000985,899.81,18.00,3.24,0.00,878.57,INR,2026-08-26,SBIN4734121713,processed
setl_000000986,pay_000000986,1250.62,25.01,4.50,0.00,1221.11,INR,2026-08-17,ICICI2323280914,processed
setl_000000987,pay_000000987,1250.22,25.00,4.50,0.00,1220.72,INR,2026-08-22,AXIS8443359717,processed
setl_000000988,pay_000000988,1999.23,39.98,7.20,0.00,1952.05,INR,2026-08-20,ICICI5768436968,processed
setl_000000989,pay_000000989,899.81,18.00,3.24,0.00,878.57,INR,2026-08-19,ICICI7050717297,processed
setl_000000990,pay_000000990,499.74,9.99,1.80,0.00,487.95,INR,2026-08-20,AXIS5570972363,processed
setl_000000991,pay_000000991,499.12,9.98,1.80,0.00,487.34,INR,2026-08-20,AXIS9620972851,processed
setl_000000992,pay_000000992,7500.60,150.01,27.00,0.00,7323.59,INR,2026-08-29,KKBK8565000642,processed
setl_000000993,pay_000000993,1999.46,39.99,7.20,0.00,1952.27,INR,2026-08-27,AXIS9587551470,processed
setl_000000994,pay_000000994,499.58,9.99,1.80,0.00,487.79,INR,2026-08-30,AXIS4462904162,processed
setl_000000995,pay_000000995,3499.57,69.99,12.60,0.00,3416.98,INR,2026-08-26,HDFC4500620658,processed
setl_000000996,pay_000000996,3499.05,69.98,12.60,0.00,3416.47,INR,2026-08-29,ICICI2383767931,processed
setl_000000997,pay_000000997,4999.60,99.99,18.00,0.00,4881.61,INR,2026-08-27,SBIN5644445498,processed
setl_000000998,pay_000000998,12000.73,240.01,43.20,0.00,11717.52,INR,2026-08-29,ICICI4057767497,processed
setl_000000999,pay_000000999,1250.57,25.01,4.50,0.00,1221.06,INR,2026-08-18,HDFC9052143587,processed
setl_orphan_001,pay_orphan_001,5000.00,100.00,18.00,0,4882.00,INR,2026-08-28,ICICI1908990420,processed
